"id","disease","topic","question","answer"
"1","Diabetes (Kencing Manis)","Gejala","Apa saja gejala awal dari penyakit diabetes?","Diabetes ditandai dengan rasa lelah berlebihan, sering buang air kecil terutama di malam hari, cepat haus, penglihatan kabur, luka yang sulit sembuh, kesemutan di tangan dan kaki, serta kadar gula darah yang tidak stabil."
"2","Diabetes (Kencing Manis)","Gejala","Bagaimana tanda-tanda kalau seseorang terkena kencing manis?","Diabetes ditandai dengan rasa lelah berlebihan, sering buang air kecil terutama di malam hari, cepat haus, penglihatan kabur, luka yang sulit sembuh, kesemutan di tangan dan kaki, serta kadar gula darah yang tidak stabil."
"3","Diabetes (Kencing Manis)","Gejala","Ciri-ciri orang yang kena diabetes itu seperti apa ya?","Diabetes ditandai dengan rasa lelah berlebihan, sering buang air kecil terutama di malam hari, cepat haus, penglihatan kabur, luka yang sulit sembuh, kesemutan di tangan dan kaki, serta kadar gula darah yang tidak stabil."
"4","Diabetes (Kencing Manis)","Gejala","Apa yang dirasakan tubuh ketika mulai kena diabetes?","Diabetes ditandai dengan rasa lelah berlebihan, sering buang air kecil terutama di malam hari, cepat haus, penglihatan kabur, luka yang sulit sembuh, kesemutan di tangan dan kaki, serta kadar gula darah yang tidak stabil."
"5","Diabetes (Kencing Manis)","Pencegahan","Bagaimana cara mencegah agar tidak terkena diabetes?","Pencegahan diabetes dapat dilakukan dengan menjaga berat badan ideal, mengurangi konsumsi gula dan karbohidrat olahan, rutin berolahraga minimal 30 menit per hari, melakukan pemeriksaan gula darah secara berkala, serta menghindari kebiasaan merokok dan konsumsi alkohol."
"6","Diabetes (Kencing Manis)","Pencegahan","Apa yang bisa dilakukan supaya terhindar dari penyakit kencing manis?","Pencegahan diabetes dapat dilakukan dengan menjaga berat badan ideal, mengurangi konsumsi gula dan karbohidrat olahan, rutin berolahraga minimal 30 menit per hari, melakukan pemeriksaan gula darah secara berkala, serta menghindari kebiasaan merokok dan konsumsi alkohol."
"7","Diabetes (Kencing Manis)","Pencegahan","Langkah-langkah apa saja untuk mencegah diabetes sejak dini?","Pencegahan diabetes dapat dilakukan dengan menjaga berat badan ideal, mengurangi konsumsi gula dan karbohidrat olahan, rutin berolahraga minimal 30 menit per hari, melakukan pemeriksaan gula darah secara berkala, serta menghindari kebiasaan merokok dan konsumsi alkohol."
"8","Diabetes (Kencing Manis)","Pencegahan","Gimana cara hidup sehat agar tidak kena diabetes?","Pencegahan diabetes dapat dilakukan dengan menjaga berat badan ideal, mengurangi konsumsi gula dan karbohidrat olahan, rutin berolahraga minimal 30 menit per hari, melakukan pemeriksaan gula darah secara berkala, serta menghindari kebiasaan merokok dan konsumsi alkohol."
"9","Diabetes (Kencing Manis)","Pengobatan","Apa saja pilihan pengobatan untuk penderita diabetes?","Pengobatan diabetes meliputi pengaturan pola makan (diet rendah gula dan karbohidrat), olahraga teratur, konsumsi obat antidiabetes oral seperti metformin, dan pada kasus tertentu diperlukan suntikan insulin. Pemantauan kadar gula darah secara rutin sangat penting untuk keberhasilan pengobatan."
"10","Diabetes (Kencing Manis)","Pengobatan","Bagaimana cara mengobati penyakit kencing manis?","Pengobatan diabetes meliputi pengaturan pola makan (diet rendah gula dan karbohidrat), olahraga teratur, konsumsi obat antidiabetes oral seperti metformin, dan pada kasus tertentu diperlukan suntikan insulin. Pemantauan kadar gula darah secara rutin sangat penting untuk keberhasilan pengobatan."
"11","Diabetes (Kencing Manis)","Pengobatan","Obat apa yang biasa diberikan dokter untuk diabetes?","Pengobatan diabetes meliputi pengaturan pola makan (diet rendah gula dan karbohidrat), olahraga teratur, konsumsi obat antidiabetes oral seperti metformin, dan pada kasus tertentu diperlukan suntikan insulin. Pemantauan kadar gula darah secara rutin sangat penting untuk keberhasilan pengobatan."
"12","Diabetes (Kencing Manis)","Pengobatan","Apa yang harus dilakukan jika sudah didiagnosis diabetes?","Pengobatan diabetes meliputi pengaturan pola makan (diet rendah gula dan karbohidrat), olahraga teratur, konsumsi obat antidiabetes oral seperti metformin, dan pada kasus tertentu diperlukan suntikan insulin. Pemantauan kadar gula darah secara rutin sangat penting untuk keberhasilan pengobatan."
"13","Hipertensi (Tekanan Darah Tinggi)","Gejala","Apa saja gejala dari tekanan darah tinggi atau hipertensi?","Hipertensi sering disebut 'silent killer' karena banyak kasus tanpa gejala. Namun gejala yang mungkin muncul antara lain sakit kepala di bagian belakang kepala, mimisan, pusing, sesak napas, detak jantung tidak teratur, dan penglihatan kabur. Tekanan darah di atas 140/90 mmHg dikategorikan sebagai hipertensi."
"14","Hipertensi (Tekanan Darah Tinggi)","Gejala","Bagaimana cara tahu kalau seseorang punya darah tinggi?","Hipertensi sering disebut 'silent killer' karena banyak kasus tanpa gejala. Namun gejala yang mungkin muncul antara lain sakit kepala di bagian belakang kepala, mimisan, pusing, sesak napas, detak jantung tidak teratur, dan penglihatan kabur. Tekanan darah di atas 140/90 mmHg dikategorikan sebagai hipertensi."
"15","Hipertensi (Tekanan Darah Tinggi)","Gejala","Apa yang dirasakan ketika tekanan darah sedang naik?","Hipertensi sering disebut 'silent killer' karena banyak kasus tanpa gejala. Namun gejala yang mungkin muncul antara lain sakit kepala di bagian belakang kepala, mimisan, pusing, sesak napas, detak jantung tidak teratur, dan penglihatan kabur. Tekanan darah di atas 140/90 mmHg dikategorikan sebagai hipertensi."
"16","Hipertensi (Tekanan Darah Tinggi)","Gejala","Ciri-ciri orang yang kena hipertensi itu apa saja?","Hipertensi sering disebut 'silent killer' karena banyak kasus tanpa gejala. Namun gejala yang mungkin muncul antara lain sakit kepala di bagian belakang kepala, mimisan, pusing, sesak napas, detak jantung tidak teratur, dan penglihatan kabur. Tekanan darah di atas 140/90 mmHg dikategorikan sebagai hipertensi."
"17","Hipertensi (Tekanan Darah Tinggi)","Pencegahan","Bagaimana cara mencegah tekanan darah tinggi?","Pencegahan hipertensi dapat dilakukan dengan membatasi konsumsi garam (kurang dari 5 gram per hari), rutin berolahraga, menjaga berat badan ideal, mengurangi stres, tidak merokok, membatasi konsumsi alkohol, serta memperbanyak konsumsi buah dan sayuran."
"18","Hipertensi (Tekanan Darah Tinggi)","Pencegahan","Apa yang bisa dilakukan agar tidak kena hipertensi?","Pencegahan hipertensi dapat dilakukan dengan membatasi konsumsi garam (kurang dari 5 gram per hari), rutin berolahraga, menjaga berat badan ideal, mengurangi stres, tidak merokok, membatasi konsumsi alkohol, serta memperbanyak konsumsi buah dan sayuran."
"19","Hipertensi (Tekanan Darah Tinggi)","Pencegahan","Tips hidup sehat untuk menghindari darah tinggi itu apa?","Pencegahan hipertensi dapat dilakukan dengan membatasi konsumsi garam (kurang dari 5 gram per hari), rutin berolahraga, menjaga berat badan ideal, mengurangi stres, tidak merokok, membatasi konsumsi alkohol, serta memperbanyak konsumsi buah dan sayuran."
"20","Hipertensi (Tekanan Darah Tinggi)","Pencegahan","Cara alami mencegah hipertensi itu gimana?","Pencegahan hipertensi dapat dilakukan dengan membatasi konsumsi garam (kurang dari 5 gram per hari), rutin berolahraga, menjaga berat badan ideal, mengurangi stres, tidak merokok, membatasi konsumsi alkohol, serta memperbanyak konsumsi buah dan sayuran."
"21","Hipertensi (Tekanan Darah Tinggi)","Pengobatan","Bagaimana cara mengobati hipertensi atau tekanan darah tinggi?","Pengobatan hipertensi mencakup perubahan gaya hidup (diet DASH, olahraga, pengurangan garam) dan obat-obatan antihipertensi seperti ACE inhibitor, beta blocker, calcium channel blocker, atau diuretik sesuai resep dokter. Pengobatan biasanya berlangsung seumur hidup dan tekanan darah harus dipantau secara rutin."
"22","Hipertensi (Tekanan Darah Tinggi)","Pengobatan","Obat apa yang digunakan untuk mengatasi darah tinggi?","Pengobatan hipertensi mencakup perubahan gaya hidup (diet DASH, olahraga, pengurangan garam) dan obat-obatan antihipertensi seperti ACE inhibitor, beta blocker, calcium channel blocker, atau diuretik sesuai resep dokter. Pengobatan biasanya berlangsung seumur hidup dan tekanan darah harus dipantau secara rutin."
"23","Hipertensi (Tekanan Darah Tinggi)","Pengobatan","Apa yang harus dilakukan jika tekanan darah selalu tinggi?","Pengobatan hipertensi mencakup perubahan gaya hidup (diet DASH, olahraga, pengurangan garam) dan obat-obatan antihipertensi seperti ACE inhibitor, beta blocker, calcium channel blocker, atau diuretik sesuai resep dokter. Pengobatan biasanya berlangsung seumur hidup dan tekanan darah harus dipantau secara rutin."
"24","Hipertensi (Tekanan Darah Tinggi)","Pengobatan","Pengobatan hipertensi itu seperti apa ya?","Pengobatan hipertensi mencakup perubahan gaya hidup (diet DASH, olahraga, pengurangan garam) dan obat-obatan antihipertensi seperti ACE inhibitor, beta blocker, calcium channel blocker, atau diuretik sesuai resep dokter. Pengobatan biasanya berlangsung seumur hidup dan tekanan darah harus dipantau secara rutin."
"25","Asma Bronkial","Gejala","Apa saja gejala dari penyakit asma bronkial?","Gejala asma bronkial meliputi sesak napas, napas berbunyi atau mengi (wheezing), batuk terutama malam dan pagi hari, rasa dada terasa berat atau sesak, dan napas pendek saat beraktivitas. Gejala dapat memburuk saat terkena pemicu seperti debu, asap rokok, udara dingin, atau olahraga berat."
"26","Asma Bronkial","Gejala","Bagaimana tanda-tanda seseorang terkena asma?","Gejala asma bronkial meliputi sesak napas, napas berbunyi atau mengi (wheezing), batuk terutama malam dan pagi hari, rasa dada terasa berat atau sesak, dan napas pendek saat beraktivitas. Gejala dapat memburuk saat terkena pemicu seperti debu, asap rokok, udara dingin, atau olahraga berat."
"27","Asma Bronkial","Gejala","Ciri-ciri asma itu seperti apa ya?","Gejala asma bronkial meliputi sesak napas, napas berbunyi atau mengi (wheezing), batuk terutama malam dan pagi hari, rasa dada terasa berat atau sesak, dan napas pendek saat beraktivitas. Gejala dapat memburuk saat terkena pemicu seperti debu, asap rokok, udara dingin, atau olahraga berat."
"28","Asma Bronkial","Gejala","Apa yang dirasakan saat asma kambuh?","Gejala asma bronkial meliputi sesak napas, napas berbunyi atau mengi (wheezing), batuk terutama malam dan pagi hari, rasa dada terasa berat atau sesak, dan napas pendek saat beraktivitas. Gejala dapat memburuk saat terkena pemicu seperti debu, asap rokok, udara dingin, atau olahraga berat."
"29","Asma Bronkial","Pencegahan","Bagaimana cara mencegah asma agar tidak kambuh?","Pencegahan serangan asma meliputi menghindari pemicu seperti asap rokok, debu, bulu hewan, dan polusi udara; menggunakan masker saat berada di lingkungan berdebu; menjaga kebersihan rumah; menghindari udara dingin ekstrem; rutin memeriksakan diri ke dokter; serta selalu membawa inhaler pereda darurat."
"30","Asma Bronkial","Pencegahan","Apa yang harus dihindari penderita asma supaya tidak kambuh?","Pencegahan serangan asma meliputi menghindari pemicu seperti asap rokok, debu, bulu hewan, dan polusi udara; menggunakan masker saat berada di lingkungan berdebu; menjaga kebersihan rumah; menghindari udara dingin ekstrem; rutin memeriksakan diri ke dokter; serta selalu membawa inhaler pereda darurat."
"31","Asma Bronkial","Pencegahan","Cara hidup sehat untuk penderita asma itu bagaimana?","Pencegahan serangan asma meliputi menghindari pemicu seperti asap rokok, debu, bulu hewan, dan polusi udara; menggunakan masker saat berada di lingkungan berdebu; menjaga kebersihan rumah; menghindari udara dingin ekstrem; rutin memeriksakan diri ke dokter; serta selalu membawa inhaler pereda darurat."
"32","Asma Bronkial","Pencegahan","Gimana supaya asma tidak sering kumat?","Pencegahan serangan asma meliputi menghindari pemicu seperti asap rokok, debu, bulu hewan, dan polusi udara; menggunakan masker saat berada di lingkungan berdebu; menjaga kebersihan rumah; menghindari udara dingin ekstrem; rutin memeriksakan diri ke dokter; serta selalu membawa inhaler pereda darurat."
"33","Asma Bronkial","Pengobatan","Bagaimana cara mengobati asma bronkial?","Pengobatan asma terdiri dari dua jenis: obat pelega (reliever) seperti salbutamol inhaler untuk serangan akut, dan obat pengontrol (controller) seperti kortikosteroid inhaler untuk penggunaan jangka panjang. Pada serangan berat, perlu penanganan medis segera di rumah sakit dengan nebulisasi dan oksigen."
"34","Asma Bronkial","Pengobatan","Obat apa yang biasa dipakai untuk mengatasi asma?","Pengobatan asma terdiri dari dua jenis: obat pelega (reliever) seperti salbutamol inhaler untuk serangan akut, dan obat pengontrol (controller) seperti kortikosteroid inhaler untuk penggunaan jangka panjang. Pada serangan berat, perlu penanganan medis segera di rumah sakit dengan nebulisasi dan oksigen."
"35","Asma Bronkial","Pengobatan","Penanganan asma yang tepat itu seperti apa?","Pengobatan asma terdiri dari dua jenis: obat pelega (reliever) seperti salbutamol inhaler untuk serangan akut, dan obat pengontrol (controller) seperti kortikosteroid inhaler untuk penggunaan jangka panjang. Pada serangan berat, perlu penanganan medis segera di rumah sakit dengan nebulisasi dan oksigen."
"36","Asma Bronkial","Pengobatan","Apa yang harus dilakukan saat asma kambuh?","Pengobatan asma terdiri dari dua jenis: obat pelega (reliever) seperti salbutamol inhaler untuk serangan akut, dan obat pengontrol (controller) seperti kortikosteroid inhaler untuk penggunaan jangka panjang. Pada serangan berat, perlu penanganan medis segera di rumah sakit dengan nebulisasi dan oksigen."
"37","Demam Berdarah (DBD)","Gejala","Apa saja gejala penyakit demam berdarah dengue (DBD)?","Gejala DBD antara lain demam tinggi mendadak (38–40°C) selama 2–7 hari, nyeri kepala, nyeri di belakang bola mata, nyeri otot dan sendi, mual muntah, munculnya bintik-bintik merah (petekie) di kulit, dan penurunan trombosit secara drastis. Waspadai jika muncul tanda perdarahan seperti mimisan atau gusi berdarah."
"38","Demam Berdarah (DBD)","Gejala","Bagaimana tanda-tanda seseorang terkena DBD?","Gejala DBD antara lain demam tinggi mendadak (38–40°C) selama 2–7 hari, nyeri kepala, nyeri di belakang bola mata, nyeri otot dan sendi, mual muntah, munculnya bintik-bintik merah (petekie) di kulit, dan penurunan trombosit secara drastis. Waspadai jika muncul tanda perdarahan seperti mimisan atau gusi berdarah."
"39","Demam Berdarah (DBD)","Gejala","Ciri-ciri demam berdarah itu seperti apa ya?","Gejala DBD antara lain demam tinggi mendadak (38–40°C) selama 2–7 hari, nyeri kepala, nyeri di belakang bola mata, nyeri otot dan sendi, mual muntah, munculnya bintik-bintik merah (petekie) di kulit, dan penurunan trombosit secara drastis. Waspadai jika muncul tanda perdarahan seperti mimisan atau gusi berdarah."
"40","Demam Berdarah (DBD)","Gejala","Apa yang membedakan demam biasa dengan demam berdarah?","Gejala DBD antara lain demam tinggi mendadak (38–40°C) selama 2–7 hari, nyeri kepala, nyeri di belakang bola mata, nyeri otot dan sendi, mual muntah, munculnya bintik-bintik merah (petekie) di kulit, dan penurunan trombosit secara drastis. Waspadai jika muncul tanda perdarahan seperti mimisan atau gusi berdarah."
"41","Demam Berdarah (DBD)","Pencegahan","Bagaimana cara mencegah penyakit demam berdarah?","Pencegahan DBD dilakukan melalui program 3M Plus: Menguras tempat penampungan air secara rutin, Menutup tempat penampungan air, Mendaur ulang atau mengubur barang bekas. Tambahan: menggunakan losion antinyamuk, memasang kelambu, fogging di lingkungan endemis, dan melaporkan ke puskesmas jika ada kasus DBD di lingkungan sekitar."
"42","Demam Berdarah (DBD)","Pencegahan","Apa yang bisa dilakukan untuk menghindari DBD?","Pencegahan DBD dilakukan melalui program 3M Plus: Menguras tempat penampungan air secara rutin, Menutup tempat penampungan air, Mendaur ulang atau mengubur barang bekas. Tambahan: menggunakan losion antinyamuk, memasang kelambu, fogging di lingkungan endemis, dan melaporkan ke puskesmas jika ada kasus DBD di lingkungan sekitar."
"43","Demam Berdarah (DBD)","Pencegahan","Cara supaya tidak kena demam berdarah itu gimana?","Pencegahan DBD dilakukan melalui program 3M Plus: Menguras tempat penampungan air secara rutin, Menutup tempat penampungan air, Mendaur ulang atau mengubur barang bekas. Tambahan: menggunakan losion antinyamuk, memasang kelambu, fogging di lingkungan endemis, dan melaporkan ke puskesmas jika ada kasus DBD di lingkungan sekitar."
"44","Demam Berdarah (DBD)","Pencegahan","Langkah apa saja untuk mencegah nyamuk Aedes aegypti?","Pencegahan DBD dilakukan melalui program 3M Plus: Menguras tempat penampungan air secara rutin, Menutup tempat penampungan air, Mendaur ulang atau mengubur barang bekas. Tambahan: menggunakan losion antinyamuk, memasang kelambu, fogging di lingkungan endemis, dan melaporkan ke puskesmas jika ada kasus DBD di lingkungan sekitar."
"45","Demam Berdarah (DBD)","Pengobatan","Bagaimana cara mengobati demam berdarah?","Tidak ada obat antivirus khusus untuk DBD. Pengobatan bersifat suportif: istirahat total, minum cairan yang cukup (air putih, oralit, jus jambu), kompres demam, dan paracetamol untuk menurunkan demam (hindari aspirin dan ibuprofen). Jika trombosit di bawah 100.000/µL atau ada tanda perdarahan, pasien harus dirawat di rumah sakit."
"46","Demam Berdarah (DBD)","Pengobatan","Apa penanganan yang benar untuk pasien DBD?","Tidak ada obat antivirus khusus untuk DBD. Pengobatan bersifat suportif: istirahat total, minum cairan yang cukup (air putih, oralit, jus jambu), kompres demam, dan paracetamol untuk menurunkan demam (hindari aspirin dan ibuprofen). Jika trombosit di bawah 100.000/µL atau ada tanda perdarahan, pasien harus dirawat di rumah sakit."
"47","Demam Berdarah (DBD)","Pengobatan","Obat apa yang diberikan untuk penderita demam berdarah?","Tidak ada obat antivirus khusus untuk DBD. Pengobatan bersifat suportif: istirahat total, minum cairan yang cukup (air putih, oralit, jus jambu), kompres demam, dan paracetamol untuk menurunkan demam (hindari aspirin dan ibuprofen). Jika trombosit di bawah 100.000/µL atau ada tanda perdarahan, pasien harus dirawat di rumah sakit."
"48","Demam Berdarah (DBD)","Pengobatan","Apa yang harus dilakukan jika anak terkena DBD?","Tidak ada obat antivirus khusus untuk DBD. Pengobatan bersifat suportif: istirahat total, minum cairan yang cukup (air putih, oralit, jus jambu), kompres demam, dan paracetamol untuk menurunkan demam (hindari aspirin dan ibuprofen). Jika trombosit di bawah 100.000/µL atau ada tanda perdarahan, pasien harus dirawat di rumah sakit."
"49","Malaria","Gejala","Apa saja gejala penyakit malaria?","Gejala malaria meliputi demam yang berulang dengan pola tertentu (setiap 2–3 hari), menggigil hebat, berkeringat banyak setelah demam, sakit kepala, nyeri otot, mual muntah, dan rasa sangat lelah. Pada kasus berat dapat terjadi anemia, ikterus (kuning), dan gangguan kesadaran."
"50","Malaria","Gejala","Bagaimana tanda-tanda orang yang terkena malaria?","Gejala malaria meliputi demam yang berulang dengan pola tertentu (setiap 2–3 hari), menggigil hebat, berkeringat banyak setelah demam, sakit kepala, nyeri otot, mual muntah, dan rasa sangat lelah. Pada kasus berat dapat terjadi anemia, ikterus (kuning), dan gangguan kesadaran."
"51","Malaria","Gejala","Ciri-ciri malaria itu seperti apa ya?","Gejala malaria meliputi demam yang berulang dengan pola tertentu (setiap 2–3 hari), menggigil hebat, berkeringat banyak setelah demam, sakit kepala, nyeri otot, mual muntah, dan rasa sangat lelah. Pada kasus berat dapat terjadi anemia, ikterus (kuning), dan gangguan kesadaran."
"52","Malaria","Gejala","Apa yang dirasakan ketika terinfeksi malaria?","Gejala malaria meliputi demam yang berulang dengan pola tertentu (setiap 2–3 hari), menggigil hebat, berkeringat banyak setelah demam, sakit kepala, nyeri otot, mual muntah, dan rasa sangat lelah. Pada kasus berat dapat terjadi anemia, ikterus (kuning), dan gangguan kesadaran."
"53","Malaria","Pencegahan","Bagaimana cara mencegah penyakit malaria?","Pencegahan malaria meliputi penggunaan kelambu berinsektisida saat tidur, menggunakan losion anti nyamuk (DEET), memakai pakaian lengan panjang di malam hari, memasang kawat nyamuk di rumah, drainase lingkungan yang baik, serta minum obat kemoprofilaksis (seperti doksisiklin atau klorokuin) jika bepergian ke daerah endemis malaria."
"54","Malaria","Pencegahan","Apa yang harus dilakukan agar tidak kena malaria?","Pencegahan malaria meliputi penggunaan kelambu berinsektisida saat tidur, menggunakan losion anti nyamuk (DEET), memakai pakaian lengan panjang di malam hari, memasang kawat nyamuk di rumah, drainase lingkungan yang baik, serta minum obat kemoprofilaksis (seperti doksisiklin atau klorokuin) jika bepergian ke daerah endemis malaria."
"55","Malaria","Pencegahan","Tips mencegah malaria saat bepergian ke daerah endemis?","Pencegahan malaria meliputi penggunaan kelambu berinsektisida saat tidur, menggunakan losion anti nyamuk (DEET), memakai pakaian lengan panjang di malam hari, memasang kawat nyamuk di rumah, drainase lingkungan yang baik, serta minum obat kemoprofilaksis (seperti doksisiklin atau klorokuin) jika bepergian ke daerah endemis malaria."
"56","Malaria","Pencegahan","Cara perlindungan dari gigitan nyamuk malaria itu bagaimana?","Pencegahan malaria meliputi penggunaan kelambu berinsektisida saat tidur, menggunakan losion anti nyamuk (DEET), memakai pakaian lengan panjang di malam hari, memasang kawat nyamuk di rumah, drainase lingkungan yang baik, serta minum obat kemoprofilaksis (seperti doksisiklin atau klorokuin) jika bepergian ke daerah endemis malaria."
"57","Malaria","Pengobatan","Bagaimana cara mengobati malaria?","Pengobatan malaria menggunakan obat antimalaria yang ditentukan berdasarkan jenis Plasmodium penyebabnya. Untuk Plasmodium falciparum digunakan Artemisinin-based Combination Therapy (ACT), sedangkan untuk P. vivax digunakan klorokuin ditambah primakuin. Pengobatan harus tuntas sesuai dosis yang diresepkan dokter untuk mencegah resistensi."
"58","Malaria","Pengobatan","Obat apa yang dipakai untuk mengatasi malaria?","Pengobatan malaria menggunakan obat antimalaria yang ditentukan berdasarkan jenis Plasmodium penyebabnya. Untuk Plasmodium falciparum digunakan Artemisinin-based Combination Therapy (ACT), sedangkan untuk P. vivax digunakan klorokuin ditambah primakuin. Pengobatan harus tuntas sesuai dosis yang diresepkan dokter untuk mencegah resistensi."
"59","Malaria","Pengobatan","Penanganan malaria yang tepat itu seperti apa?","Pengobatan malaria menggunakan obat antimalaria yang ditentukan berdasarkan jenis Plasmodium penyebabnya. Untuk Plasmodium falciparum digunakan Artemisinin-based Combination Therapy (ACT), sedangkan untuk P. vivax digunakan klorokuin ditambah primakuin. Pengobatan harus tuntas sesuai dosis yang diresepkan dokter untuk mencegah resistensi."
"60","Malaria","Pengobatan","Apa yang harus dilakukan jika didiagnosis malaria?","Pengobatan malaria menggunakan obat antimalaria yang ditentukan berdasarkan jenis Plasmodium penyebabnya. Untuk Plasmodium falciparum digunakan Artemisinin-based Combination Therapy (ACT), sedangkan untuk P. vivax digunakan klorokuin ditambah primakuin. Pengobatan harus tuntas sesuai dosis yang diresepkan dokter untuk mencegah resistensi."
"61","Pneumonia (Paru-Paru Basah)","Gejala","Apa saja gejala pneumonia atau paru-paru basah?","Gejala pneumonia meliputi demam tinggi, batuk berdahak (bisa berwarna kuning, hijau, atau berdarah), sesak napas, nyeri dada saat bernapas atau batuk, napas cepat, menggigil, kelelahan, dan pada lansia dapat terjadi kebingungan. Pada bayi, gejalanya bisa berupa napas cepat dan cuping hidung kembang-kempis."
"62","Pneumonia (Paru-Paru Basah)","Gejala","Bagaimana tanda-tanda seseorang terkena pneumonia?","Gejala pneumonia meliputi demam tinggi, batuk berdahak (bisa berwarna kuning, hijau, atau berdarah), sesak napas, nyeri dada saat bernapas atau batuk, napas cepat, menggigil, kelelahan, dan pada lansia dapat terjadi kebingungan. Pada bayi, gejalanya bisa berupa napas cepat dan cuping hidung kembang-kempis."
"63","Pneumonia (Paru-Paru Basah)","Gejala","Ciri-ciri paru-paru basah itu seperti apa?","Gejala pneumonia meliputi demam tinggi, batuk berdahak (bisa berwarna kuning, hijau, atau berdarah), sesak napas, nyeri dada saat bernapas atau batuk, napas cepat, menggigil, kelelahan, dan pada lansia dapat terjadi kebingungan. Pada bayi, gejalanya bisa berupa napas cepat dan cuping hidung kembang-kempis."
"64","Pneumonia (Paru-Paru Basah)","Gejala","Apa yang membedakan pneumonia dengan batuk biasa?","Gejala pneumonia meliputi demam tinggi, batuk berdahak (bisa berwarna kuning, hijau, atau berdarah), sesak napas, nyeri dada saat bernapas atau batuk, napas cepat, menggigil, kelelahan, dan pada lansia dapat terjadi kebingungan. Pada bayi, gejalanya bisa berupa napas cepat dan cuping hidung kembang-kempis."
"65","Pneumonia (Paru-Paru Basah)","Pencegahan","Bagaimana cara mencegah pneumonia atau paru-paru basah?","Pencegahan pneumonia meliputi vaksinasi (vaksin pneumokokus/PCV dan vaksin influenza), tidak merokok, menjaga kebersihan tangan, meningkatkan daya tahan tubuh dengan nutrisi bergizi dan olahraga teratur, menghindari kontak dekat dengan penderita infeksi saluran napas, serta memastikan ventilasi rumah yang baik."
"66","Pneumonia (Paru-Paru Basah)","Pencegahan","Apa yang bisa dilakukan agar tidak kena pneumonia?","Pencegahan pneumonia meliputi vaksinasi (vaksin pneumokokus/PCV dan vaksin influenza), tidak merokok, menjaga kebersihan tangan, meningkatkan daya tahan tubuh dengan nutrisi bergizi dan olahraga teratur, menghindari kontak dekat dengan penderita infeksi saluran napas, serta memastikan ventilasi rumah yang baik."
"67","Pneumonia (Paru-Paru Basah)","Pencegahan","Cara melindungi diri dari penyakit paru-paru basah itu gimana?","Pencegahan pneumonia meliputi vaksinasi (vaksin pneumokokus/PCV dan vaksin influenza), tidak merokok, menjaga kebersihan tangan, meningkatkan daya tahan tubuh dengan nutrisi bergizi dan olahraga teratur, menghindari kontak dekat dengan penderita infeksi saluran napas, serta memastikan ventilasi rumah yang baik."
"68","Pneumonia (Paru-Paru Basah)","Pencegahan","Apakah ada vaksin untuk mencegah pneumonia?","Pencegahan pneumonia meliputi vaksinasi (vaksin pneumokokus/PCV dan vaksin influenza), tidak merokok, menjaga kebersihan tangan, meningkatkan daya tahan tubuh dengan nutrisi bergizi dan olahraga teratur, menghindari kontak dekat dengan penderita infeksi saluran napas, serta memastikan ventilasi rumah yang baik."
"69","Pneumonia (Paru-Paru Basah)","Pengobatan","Bagaimana cara mengobati pneumonia?","Pengobatan pneumonia bakteri menggunakan antibiotik (seperti amoksisilin, azitromisin, atau sefalosporin) sesuai resep dokter. Pneumonia virus tidak merespons antibiotik. Penanganan suportif meliputi istirahat, banyak minum, dan obat pereda demam. Rawat inap diperlukan jika sesak napas berat, saturasi oksigen rendah, atau pasien tergolong kelompok berisiko tinggi."
"70","Pneumonia (Paru-Paru Basah)","Pengobatan","Obat apa yang digunakan untuk mengatasi paru-paru basah?","Pengobatan pneumonia bakteri menggunakan antibiotik (seperti amoksisilin, azitromisin, atau sefalosporin) sesuai resep dokter. Pneumonia virus tidak merespons antibiotik. Penanganan suportif meliputi istirahat, banyak minum, dan obat pereda demam. Rawat inap diperlukan jika sesak napas berat, saturasi oksigen rendah, atau pasien tergolong kelompok berisiko tinggi."
"71","Pneumonia (Paru-Paru Basah)","Pengobatan","Penanganan pneumonia yang tepat itu seperti apa?","Pengobatan pneumonia bakteri menggunakan antibiotik (seperti amoksisilin, azitromisin, atau sefalosporin) sesuai resep dokter. Pneumonia virus tidak merespons antibiotik. Penanganan suportif meliputi istirahat, banyak minum, dan obat pereda demam. Rawat inap diperlukan jika sesak napas berat, saturasi oksigen rendah, atau pasien tergolong kelompok berisiko tinggi."
"72","Pneumonia (Paru-Paru Basah)","Pengobatan","Kapan penderita pneumonia harus dirawat di rumah sakit?","Pengobatan pneumonia bakteri menggunakan antibiotik (seperti amoksisilin, azitromisin, atau sefalosporin) sesuai resep dokter. Pneumonia virus tidak merespons antibiotik. Penanganan suportif meliputi istirahat, banyak minum, dan obat pereda demam. Rawat inap diperlukan jika sesak napas berat, saturasi oksigen rendah, atau pasien tergolong kelompok berisiko tinggi."
"73","TBC (Tuberkulosis)","Gejala","Apa saja gejala penyakit TBC atau tuberkulosis?","Gejala TBC meliputi batuk terus-menerus lebih dari 2 minggu (dapat berdahak atau berdarah), demam ringan terutama di sore hari, berkeringat di malam hari, berat badan turun drastis tanpa sebab jelas, kelelahan kronis, nyeri dada, dan sesak napas. Gejala ini seringkali berkembang perlahan selama beberapa minggu hingga bulan."
"74","TBC (Tuberkulosis)","Gejala","Bagaimana tanda-tanda seseorang terkena TBC?","Gejala TBC meliputi batuk terus-menerus lebih dari 2 minggu (dapat berdahak atau berdarah), demam ringan terutama di sore hari, berkeringat di malam hari, berat badan turun drastis tanpa sebab jelas, kelelahan kronis, nyeri dada, dan sesak napas. Gejala ini seringkali berkembang perlahan selama beberapa minggu hingga bulan."
"75","TBC (Tuberkulosis)","Gejala","Ciri-ciri TB paru itu seperti apa ya?","Gejala TBC meliputi batuk terus-menerus lebih dari 2 minggu (dapat berdahak atau berdarah), demam ringan terutama di sore hari, berkeringat di malam hari, berat badan turun drastis tanpa sebab jelas, kelelahan kronis, nyeri dada, dan sesak napas. Gejala ini seringkali berkembang perlahan selama beberapa minggu hingga bulan."
"76","TBC (Tuberkulosis)","Gejala","Apa yang membedakan batuk TBC dengan batuk biasa?","Gejala TBC meliputi batuk terus-menerus lebih dari 2 minggu (dapat berdahak atau berdarah), demam ringan terutama di sore hari, berkeringat di malam hari, berat badan turun drastis tanpa sebab jelas, kelelahan kronis, nyeri dada, dan sesak napas. Gejala ini seringkali berkembang perlahan selama beberapa minggu hingga bulan."
"77","TBC (Tuberkulosis)","Pencegahan","Bagaimana cara mencegah penyakit TBC?","Pencegahan TBC meliputi vaksinasi BCG pada bayi baru lahir, memastikan ventilasi dan sirkulasi udara yang baik di dalam ruangan, menutup mulut dan hidung saat batuk atau bersin, tidak meludah sembarangan, meningkatkan daya tahan tubuh, serta menyelesaikan pengobatan TBC secara tuntas untuk mencegah penularan dan resistensi obat."
"78","TBC (Tuberkulosis)","Pencegahan","Apa yang bisa dilakukan agar tidak tertular TBC?","Pencegahan TBC meliputi vaksinasi BCG pada bayi baru lahir, memastikan ventilasi dan sirkulasi udara yang baik di dalam ruangan, menutup mulut dan hidung saat batuk atau bersin, tidak meludah sembarangan, meningkatkan daya tahan tubuh, serta menyelesaikan pengobatan TBC secara tuntas untuk mencegah penularan dan resistensi obat."
"79","TBC (Tuberkulosis)","Pencegahan","Cara menghindari penularan TB paru itu bagaimana?","Pencegahan TBC meliputi vaksinasi BCG pada bayi baru lahir, memastikan ventilasi dan sirkulasi udara yang baik di dalam ruangan, menutup mulut dan hidung saat batuk atau bersin, tidak meludah sembarangan, meningkatkan daya tahan tubuh, serta menyelesaikan pengobatan TBC secara tuntas untuk mencegah penularan dan resistensi obat."
"80","TBC (Tuberkulosis)","Pencegahan","Apakah vaksin BCG bisa mencegah TBC?","Pencegahan TBC meliputi vaksinasi BCG pada bayi baru lahir, memastikan ventilasi dan sirkulasi udara yang baik di dalam ruangan, menutup mulut dan hidung saat batuk atau bersin, tidak meludah sembarangan, meningkatkan daya tahan tubuh, serta menyelesaikan pengobatan TBC secara tuntas untuk mencegah penularan dan resistensi obat."
"81","TBC (Tuberkulosis)","Pengobatan","Bagaimana cara mengobati TBC?","Pengobatan TBC menggunakan kombinasi antibiotik selama minimal 6 bulan yang dikenal sebagai OAT (Obat Anti Tuberkulosis), terdiri dari Isoniazid, Rifampisin, Pirazinamid, dan Etambutol. Pengobatan tidak boleh dihentikan meskipun sudah merasa sembuh, karena dapat menyebabkan TBC resisten obat (MDR-TB) yang jauh lebih sulit diobati."
"82","TBC (Tuberkulosis)","Pengobatan","Berapa lama pengobatan TBC berlangsung?","Pengobatan TBC menggunakan kombinasi antibiotik selama minimal 6 bulan yang dikenal sebagai OAT (Obat Anti Tuberkulosis), terdiri dari Isoniazid, Rifampisin, Pirazinamid, dan Etambutol. Pengobatan tidak boleh dihentikan meskipun sudah merasa sembuh, karena dapat menyebabkan TBC resisten obat (MDR-TB) yang jauh lebih sulit diobati."
"83","TBC (Tuberkulosis)","Pengobatan","Obat apa yang dipakai untuk mengatasi tuberkulosis?","Pengobatan TBC menggunakan kombinasi antibiotik selama minimal 6 bulan yang dikenal sebagai OAT (Obat Anti Tuberkulosis), terdiri dari Isoniazid, Rifampisin, Pirazinamid, dan Etambutol. Pengobatan tidak boleh dihentikan meskipun sudah merasa sembuh, karena dapat menyebabkan TBC resisten obat (MDR-TB) yang jauh lebih sulit diobati."
"84","TBC (Tuberkulosis)","Pengobatan","Apa yang terjadi jika pengobatan TBC tidak tuntas?","Pengobatan TBC menggunakan kombinasi antibiotik selama minimal 6 bulan yang dikenal sebagai OAT (Obat Anti Tuberkulosis), terdiri dari Isoniazid, Rifampisin, Pirazinamid, dan Etambutol. Pengobatan tidak boleh dihentikan meskipun sudah merasa sembuh, karena dapat menyebabkan TBC resisten obat (MDR-TB) yang jauh lebih sulit diobati."
"85","GERD (Asam Lambung)","Gejala","Apa saja gejala penyakit GERD atau asam lambung naik?","Gejala GERD meliputi rasa terbakar di dada (heartburn) yang memburuk saat berbaring atau membungkuk, rasa asam atau pahit di mulut, regurgitasi (makanan atau cairan asam naik ke tenggorokan), kesulitan menelan, batuk kronis, suara serak, dan sering bersendawa. Gejala biasanya memburuk setelah makan, saat malam hari, atau saat berbaring."
"86","GERD (Asam Lambung)","Gejala","Bagaimana tanda-tanda seseorang terkena GERD?","Gejala GERD meliputi rasa terbakar di dada (heartburn) yang memburuk saat berbaring atau membungkuk, rasa asam atau pahit di mulut, regurgitasi (makanan atau cairan asam naik ke tenggorokan), kesulitan menelan, batuk kronis, suara serak, dan sering bersendawa. Gejala biasanya memburuk setelah makan, saat malam hari, atau saat berbaring."
"87","GERD (Asam Lambung)","Gejala","Ciri-ciri asam lambung naik itu seperti apa ya?","Gejala GERD meliputi rasa terbakar di dada (heartburn) yang memburuk saat berbaring atau membungkuk, rasa asam atau pahit di mulut, regurgitasi (makanan atau cairan asam naik ke tenggorokan), kesulitan menelan, batuk kronis, suara serak, dan sering bersendawa. Gejala biasanya memburuk setelah makan, saat malam hari, atau saat berbaring."
"88","GERD (Asam Lambung)","Gejala","Apa yang dirasakan saat asam lambung sedang kambuh?","Gejala GERD meliputi rasa terbakar di dada (heartburn) yang memburuk saat berbaring atau membungkuk, rasa asam atau pahit di mulut, regurgitasi (makanan atau cairan asam naik ke tenggorokan), kesulitan menelan, batuk kronis, suara serak, dan sering bersendawa. Gejala biasanya memburuk setelah makan, saat malam hari, atau saat berbaring."
"89","GERD (Asam Lambung)","Pencegahan","Bagaimana cara mencegah GERD atau asam lambung naik?","Pencegahan GERD meliputi makan dalam porsi kecil tetapi sering, menghindari makanan pemicu (makanan pedas, asam, berlemak, coklat, kopi, alkohol), tidak berbaring setelah makan minimal 2–3 jam, meninggikan posisi kepala saat tidur, menjaga berat badan ideal, berhenti merokok, dan mengelola stres dengan baik."
"90","GERD (Asam Lambung)","Pencegahan","Apa yang harus dihindari agar asam lambung tidak naik?","Pencegahan GERD meliputi makan dalam porsi kecil tetapi sering, menghindari makanan pemicu (makanan pedas, asam, berlemak, coklat, kopi, alkohol), tidak berbaring setelah makan minimal 2–3 jam, meninggikan posisi kepala saat tidur, menjaga berat badan ideal, berhenti merokok, dan mengelola stres dengan baik."
"91","GERD (Asam Lambung)","Pencegahan","Tips menjaga pola makan agar tidak kena GERD itu gimana?","Pencegahan GERD meliputi makan dalam porsi kecil tetapi sering, menghindari makanan pemicu (makanan pedas, asam, berlemak, coklat, kopi, alkohol), tidak berbaring setelah makan minimal 2–3 jam, meninggikan posisi kepala saat tidur, menjaga berat badan ideal, berhenti merokok, dan mengelola stres dengan baik."
"92","GERD (Asam Lambung)","Pencegahan","Cara menghindari kambuhnya asam lambung itu bagaimana?","Pencegahan GERD meliputi makan dalam porsi kecil tetapi sering, menghindari makanan pemicu (makanan pedas, asam, berlemak, coklat, kopi, alkohol), tidak berbaring setelah makan minimal 2–3 jam, meninggikan posisi kepala saat tidur, menjaga berat badan ideal, berhenti merokok, dan mengelola stres dengan baik."
"93","GERD (Asam Lambung)","Pengobatan","Bagaimana cara mengobati GERD atau asam lambung?","Pengobatan GERD mencakup perubahan gaya hidup dan obat-obatan seperti antasida untuk gejala ringan, H2 blocker (ranitidin, famotidin), atau Proton Pump Inhibitor (PPI) seperti omeprazol dan lansoprazol untuk kasus sedang hingga berat. Jika tidak respons dengan obat, dokter mungkin merekomendasikan prosedur seperti fundoplikasi laparoskopik."
"94","GERD (Asam Lambung)","Pengobatan","Obat apa yang dipakai untuk mengatasi GERD?","Pengobatan GERD mencakup perubahan gaya hidup dan obat-obatan seperti antasida untuk gejala ringan, H2 blocker (ranitidin, famotidin), atau Proton Pump Inhibitor (PPI) seperti omeprazol dan lansoprazol untuk kasus sedang hingga berat. Jika tidak respons dengan obat, dokter mungkin merekomendasikan prosedur seperti fundoplikasi laparoskopik."
"95","GERD (Asam Lambung)","Pengobatan","Penanganan GERD yang tepat itu seperti apa?","Pengobatan GERD mencakup perubahan gaya hidup dan obat-obatan seperti antasida untuk gejala ringan, H2 blocker (ranitidin, famotidin), atau Proton Pump Inhibitor (PPI) seperti omeprazol dan lansoprazol untuk kasus sedang hingga berat. Jika tidak respons dengan obat, dokter mungkin merekomendasikan prosedur seperti fundoplikasi laparoskopik."
"96","GERD (Asam Lambung)","Pengobatan","Kapan GERD perlu ditangani oleh dokter spesialis?","Pengobatan GERD mencakup perubahan gaya hidup dan obat-obatan seperti antasida untuk gejala ringan, H2 blocker (ranitidin, famotidin), atau Proton Pump Inhibitor (PPI) seperti omeprazol dan lansoprazol untuk kasus sedang hingga berat. Jika tidak respons dengan obat, dokter mungkin merekomendasikan prosedur seperti fundoplikasi laparoskopik."
"97","Tukak Lambung (Maag Kronis)","Gejala","Apa saja gejala tukak lambung atau maag kronis?","Gejala tukak lambung meliputi nyeri atau rasa terbakar di perut bagian atas (ulu hati) yang dapat memburuk saat perut kosong atau beberapa jam setelah makan, mual, muntah, perut kembung, nafsu makan berkurang, dan berat badan turun. Pada kasus berat bisa terjadi BAB berwarna hitam (tanda perdarahan) atau muntah darah."
"98","Tukak Lambung (Maag Kronis)","Gejala","Bagaimana tanda-tanda seseorang menderita maag kronis?","Gejala tukak lambung meliputi nyeri atau rasa terbakar di perut bagian atas (ulu hati) yang dapat memburuk saat perut kosong atau beberapa jam setelah makan, mual, muntah, perut kembung, nafsu makan berkurang, dan berat badan turun. Pada kasus berat bisa terjadi BAB berwarna hitam (tanda perdarahan) atau muntah darah."
"99","Tukak Lambung (Maag Kronis)","Gejala","Ciri-ciri tukak lambung itu seperti apa ya?","Gejala tukak lambung meliputi nyeri atau rasa terbakar di perut bagian atas (ulu hati) yang dapat memburuk saat perut kosong atau beberapa jam setelah makan, mual, muntah, perut kembung, nafsu makan berkurang, dan berat badan turun. Pada kasus berat bisa terjadi BAB berwarna hitam (tanda perdarahan) atau muntah darah."
"100","Tukak Lambung (Maag Kronis)","Gejala","Apa yang membedakan maag biasa dengan tukak lambung?","Gejala tukak lambung meliputi nyeri atau rasa terbakar di perut bagian atas (ulu hati) yang dapat memburuk saat perut kosong atau beberapa jam setelah makan, mual, muntah, perut kembung, nafsu makan berkurang, dan berat badan turun. Pada kasus berat bisa terjadi BAB berwarna hitam (tanda perdarahan) atau muntah darah."
"101","Tukak Lambung (Maag Kronis)","Pencegahan","Bagaimana cara mencegah tukak lambung atau maag kronis?","Pencegahan tukak lambung meliputi menghindari penggunaan OAINS (obat antiinflamasi nonsteroid) jangka panjang tanpa perlindungan lambung, tidak merokok, membatasi alkohol, makan teratur tidak telat, mengurangi stres, serta melakukan tes dan pengobatan infeksi Helicobacter pylori jika terdeteksi."
"102","Tukak Lambung (Maag Kronis)","Pencegahan","Apa yang bisa dilakukan agar lambung tidak terluka?","Pencegahan tukak lambung meliputi menghindari penggunaan OAINS (obat antiinflamasi nonsteroid) jangka panjang tanpa perlindungan lambung, tidak merokok, membatasi alkohol, makan teratur tidak telat, mengurangi stres, serta melakukan tes dan pengobatan infeksi Helicobacter pylori jika terdeteksi."
"103","Tukak Lambung (Maag Kronis)","Pencegahan","Tips menjaga kesehatan lambung agar tidak kena maag kronis?","Pencegahan tukak lambung meliputi menghindari penggunaan OAINS (obat antiinflamasi nonsteroid) jangka panjang tanpa perlindungan lambung, tidak merokok, membatasi alkohol, makan teratur tidak telat, mengurangi stres, serta melakukan tes dan pengobatan infeksi Helicobacter pylori jika terdeteksi."
"104","Tukak Lambung (Maag Kronis)","Pencegahan","Cara menghindari tukak lambung itu gimana?","Pencegahan tukak lambung meliputi menghindari penggunaan OAINS (obat antiinflamasi nonsteroid) jangka panjang tanpa perlindungan lambung, tidak merokok, membatasi alkohol, makan teratur tidak telat, mengurangi stres, serta melakukan tes dan pengobatan infeksi Helicobacter pylori jika terdeteksi."
"105","Tukak Lambung (Maag Kronis)","Pengobatan","Bagaimana cara mengobati tukak lambung?","Pengobatan tukak lambung tergantung penyebabnya. Jika disebabkan H. pylori, diberikan terapi eradikasi berupa kombinasi antibiotik dan PPI selama 10–14 hari. Jika disebabkan OAINS, obat dihentikan dan diberikan PPI atau misoprostol. Perubahan pola makan dan manajemen stres juga penting untuk pemulihan dan pencegahan kekambuhan."
"106","Tukak Lambung (Maag Kronis)","Pengobatan","Obat apa yang dipakai untuk mengatasi maag kronis?","Pengobatan tukak lambung tergantung penyebabnya. Jika disebabkan H. pylori, diberikan terapi eradikasi berupa kombinasi antibiotik dan PPI selama 10–14 hari. Jika disebabkan OAINS, obat dihentikan dan diberikan PPI atau misoprostol. Perubahan pola makan dan manajemen stres juga penting untuk pemulihan dan pencegahan kekambuhan."
"107","Tukak Lambung (Maag Kronis)","Pengobatan","Penanganan tukak lambung yang tepat itu seperti apa?","Pengobatan tukak lambung tergantung penyebabnya. Jika disebabkan H. pylori, diberikan terapi eradikasi berupa kombinasi antibiotik dan PPI selama 10–14 hari. Jika disebabkan OAINS, obat dihentikan dan diberikan PPI atau misoprostol. Perubahan pola makan dan manajemen stres juga penting untuk pemulihan dan pencegahan kekambuhan."
"108","Tukak Lambung (Maag Kronis)","Pengobatan","Apakah tukak lambung bisa sembuh total?","Pengobatan tukak lambung tergantung penyebabnya. Jika disebabkan H. pylori, diberikan terapi eradikasi berupa kombinasi antibiotik dan PPI selama 10–14 hari. Jika disebabkan OAINS, obat dihentikan dan diberikan PPI atau misoprostol. Perubahan pola makan dan manajemen stres juga penting untuk pemulihan dan pencegahan kekambuhan."
"109","Alergi","Gejala","Apa saja gejala umum dari reaksi alergi?","Gejala alergi bervariasi tergantung jenis alergen dan jalur paparan: alergi kulit menimbulkan ruam, gatal, dan bengkak; alergi pernapasan menyebabkan bersin, hidung meler, hidung tersumbat, dan mata berair; alergi makanan dapat memicu mual, muntah, dan diare. Reaksi berat (anafilaksis) ditandai dengan sesak napas mendadak, tekanan darah turun, dan dapat mengancam jiwa."
"110","Alergi","Gejala","Bagaimana tanda-tanda seseorang mengalami alergi?","Gejala alergi bervariasi tergantung jenis alergen dan jalur paparan: alergi kulit menimbulkan ruam, gatal, dan bengkak; alergi pernapasan menyebabkan bersin, hidung meler, hidung tersumbat, dan mata berair; alergi makanan dapat memicu mual, muntah, dan diare. Reaksi berat (anafilaksis) ditandai dengan sesak napas mendadak, tekanan darah turun, dan dapat mengancam jiwa."
"111","Alergi","Gejala","Ciri-ciri alergi itu seperti apa ya?","Gejala alergi bervariasi tergantung jenis alergen dan jalur paparan: alergi kulit menimbulkan ruam, gatal, dan bengkak; alergi pernapasan menyebabkan bersin, hidung meler, hidung tersumbat, dan mata berair; alergi makanan dapat memicu mual, muntah, dan diare. Reaksi berat (anafilaksis) ditandai dengan sesak napas mendadak, tekanan darah turun, dan dapat mengancam jiwa."
"112","Alergi","Gejala","Apa yang dirasakan tubuh saat terkena alergi?","Gejala alergi bervariasi tergantung jenis alergen dan jalur paparan: alergi kulit menimbulkan ruam, gatal, dan bengkak; alergi pernapasan menyebabkan bersin, hidung meler, hidung tersumbat, dan mata berair; alergi makanan dapat memicu mual, muntah, dan diare. Reaksi berat (anafilaksis) ditandai dengan sesak napas mendadak, tekanan darah turun, dan dapat mengancam jiwa."
"113","Alergi","Pencegahan","Bagaimana cara mencegah reaksi alergi?","Pencegahan alergi dilakukan dengan mengidentifikasi dan menghindari alergen pemicu, menggunakan masker di lingkungan berdebu atau berserbuk sari, mencuci tangan setelah menyentuh hewan peliharaan, membersihkan rumah secara rutin untuk mengurangi tungau debu, membaca label kemasan makanan dengan teliti, dan selalu membawa epinefrin auto-injector (EpiPen) bagi yang rawan anafilaksis."
"114","Alergi","Pencegahan","Apa yang harus dilakukan agar tidak kambuh alergi?","Pencegahan alergi dilakukan dengan mengidentifikasi dan menghindari alergen pemicu, menggunakan masker di lingkungan berdebu atau berserbuk sari, mencuci tangan setelah menyentuh hewan peliharaan, membersihkan rumah secara rutin untuk mengurangi tungau debu, membaca label kemasan makanan dengan teliti, dan selalu membawa epinefrin auto-injector (EpiPen) bagi yang rawan anafilaksis."
"115","Alergi","Pencegahan","Tips menghindari pemicu alergi itu gimana?","Pencegahan alergi dilakukan dengan mengidentifikasi dan menghindari alergen pemicu, menggunakan masker di lingkungan berdebu atau berserbuk sari, mencuci tangan setelah menyentuh hewan peliharaan, membersihkan rumah secara rutin untuk mengurangi tungau debu, membaca label kemasan makanan dengan teliti, dan selalu membawa epinefrin auto-injector (EpiPen) bagi yang rawan anafilaksis."
"116","Alergi","Pencegahan","Cara melindungi diri dari alergi lingkungan itu bagaimana?","Pencegahan alergi dilakukan dengan mengidentifikasi dan menghindari alergen pemicu, menggunakan masker di lingkungan berdebu atau berserbuk sari, mencuci tangan setelah menyentuh hewan peliharaan, membersihkan rumah secara rutin untuk mengurangi tungau debu, membaca label kemasan makanan dengan teliti, dan selalu membawa epinefrin auto-injector (EpiPen) bagi yang rawan anafilaksis."
"117","Alergi","Pengobatan","Bagaimana cara mengobati reaksi alergi?","Pengobatan alergi meliputi antihistamin (seperti cetirizin, loratadin) untuk gejala ringan–sedang, kortikosteroid topikal untuk alergi kulit, dekongestan untuk alergi hidung, dan bronkodilator untuk gejala asma. Untuk anafilaksis, injeksi epinefrin adalah penanganan utama yang harus segera diberikan. Imunoterapi alergen dapat dipertimbangkan untuk kasus kronis."
"118","Alergi","Pengobatan","Obat apa yang dipakai untuk mengatasi alergi?","Pengobatan alergi meliputi antihistamin (seperti cetirizin, loratadin) untuk gejala ringan–sedang, kortikosteroid topikal untuk alergi kulit, dekongestan untuk alergi hidung, dan bronkodilator untuk gejala asma. Untuk anafilaksis, injeksi epinefrin adalah penanganan utama yang harus segera diberikan. Imunoterapi alergen dapat dipertimbangkan untuk kasus kronis."
"119","Alergi","Pengobatan","Penanganan alergi yang tepat itu seperti apa?","Pengobatan alergi meliputi antihistamin (seperti cetirizin, loratadin) untuk gejala ringan–sedang, kortikosteroid topikal untuk alergi kulit, dekongestan untuk alergi hidung, dan bronkodilator untuk gejala asma. Untuk anafilaksis, injeksi epinefrin adalah penanganan utama yang harus segera diberikan. Imunoterapi alergen dapat dipertimbangkan untuk kasus kronis."
"120","Alergi","Pengobatan","Kapan reaksi alergi perlu segera ke dokter atau IGD?","Pengobatan alergi meliputi antihistamin (seperti cetirizin, loratadin) untuk gejala ringan–sedang, kortikosteroid topikal untuk alergi kulit, dekongestan untuk alergi hidung, dan bronkodilator untuk gejala asma. Untuk anafilaksis, injeksi epinefrin adalah penanganan utama yang harus segera diberikan. Imunoterapi alergen dapat dipertimbangkan untuk kasus kronis."
"121","Batuk Pilek (Common Cold)","Gejala","Apa saja gejala batuk pilek atau common cold?","Gejala batuk pilek (common cold) meliputi hidung meler atau tersumbat, bersin-bersin, sakit tenggorokan, batuk ringan, sakit kepala, rasa tidak enak badan, dan terkadang demam ringan. Gejala biasanya muncul 1–3 hari setelah terpapar virus dan berlangsung 7–10 hari. Berbeda dengan influenza yang gejalanya lebih berat dan datang tiba-tiba."
"122","Batuk Pilek (Common Cold)","Gejala","Bagaimana tanda-tanda seseorang terkena flu biasa?","Gejala batuk pilek (common cold) meliputi hidung meler atau tersumbat, bersin-bersin, sakit tenggorokan, batuk ringan, sakit kepala, rasa tidak enak badan, dan terkadang demam ringan. Gejala biasanya muncul 1–3 hari setelah terpapar virus dan berlangsung 7–10 hari. Berbeda dengan influenza yang gejalanya lebih berat dan datang tiba-tiba."
"123","Batuk Pilek (Common Cold)","Gejala","Ciri-ciri batuk pilek itu seperti apa ya?","Gejala batuk pilek (common cold) meliputi hidung meler atau tersumbat, bersin-bersin, sakit tenggorokan, batuk ringan, sakit kepala, rasa tidak enak badan, dan terkadang demam ringan. Gejala biasanya muncul 1–3 hari setelah terpapar virus dan berlangsung 7–10 hari. Berbeda dengan influenza yang gejalanya lebih berat dan datang tiba-tiba."
"124","Batuk Pilek (Common Cold)","Gejala","Apa yang dirasakan saat terserang pilek?","Gejala batuk pilek (common cold) meliputi hidung meler atau tersumbat, bersin-bersin, sakit tenggorokan, batuk ringan, sakit kepala, rasa tidak enak badan, dan terkadang demam ringan. Gejala biasanya muncul 1–3 hari setelah terpapar virus dan berlangsung 7–10 hari. Berbeda dengan influenza yang gejalanya lebih berat dan datang tiba-tiba."
"125","Batuk Pilek (Common Cold)","Pencegahan","Bagaimana cara mencegah batuk pilek?","Pencegahan batuk pilek meliputi mencuci tangan dengan sabun secara teratur (terutama sebelum makan dan setelah dari tempat umum), menghindari menyentuh wajah dengan tangan kotor, menghindari kontak dekat dengan orang yang sedang sakit, meningkatkan daya tahan tubuh dengan istirahat cukup dan makan bergizi, serta menggunakan masker di tempat ramai saat musim flu."
"126","Batuk Pilek (Common Cold)","Pencegahan","Apa yang bisa dilakukan agar tidak mudah kena pilek?","Pencegahan batuk pilek meliputi mencuci tangan dengan sabun secara teratur (terutama sebelum makan dan setelah dari tempat umum), menghindari menyentuh wajah dengan tangan kotor, menghindari kontak dekat dengan orang yang sedang sakit, meningkatkan daya tahan tubuh dengan istirahat cukup dan makan bergizi, serta menggunakan masker di tempat ramai saat musim flu."
"127","Batuk Pilek (Common Cold)","Pencegahan","Tips menghindari penularan common cold itu gimana?","Pencegahan batuk pilek meliputi mencuci tangan dengan sabun secara teratur (terutama sebelum makan dan setelah dari tempat umum), menghindari menyentuh wajah dengan tangan kotor, menghindari kontak dekat dengan orang yang sedang sakit, meningkatkan daya tahan tubuh dengan istirahat cukup dan makan bergizi, serta menggunakan masker di tempat ramai saat musim flu."
"128","Batuk Pilek (Common Cold)","Pencegahan","Cara agar tidak tertular virus flu dari orang lain?","Pencegahan batuk pilek meliputi mencuci tangan dengan sabun secara teratur (terutama sebelum makan dan setelah dari tempat umum), menghindari menyentuh wajah dengan tangan kotor, menghindari kontak dekat dengan orang yang sedang sakit, meningkatkan daya tahan tubuh dengan istirahat cukup dan makan bergizi, serta menggunakan masker di tempat ramai saat musim flu."
"129","Batuk Pilek (Common Cold)","Pengobatan","Bagaimana cara mengobati batuk pilek?","Batuk pilek disebabkan virus sehingga tidak memerlukan antibiotik. Pengobatan bersifat simtomatik: istirahat yang cukup, minum air putih yang banyak, madu dan jahe untuk meredakan tenggorokan, dekongestan untuk hidung tersumbat, antihistamin untuk hidung meler, dan paracetamol untuk demam dan nyeri. Konsumsi vitamin C dan zinc dapat membantu mempercepat pemulihan."
"130","Batuk Pilek (Common Cold)","Pengobatan","Obat apa yang bisa diminum untuk mengatasi pilek?","Batuk pilek disebabkan virus sehingga tidak memerlukan antibiotik. Pengobatan bersifat simtomatik: istirahat yang cukup, minum air putih yang banyak, madu dan jahe untuk meredakan tenggorokan, dekongestan untuk hidung tersumbat, antihistamin untuk hidung meler, dan paracetamol untuk demam dan nyeri. Konsumsi vitamin C dan zinc dapat membantu mempercepat pemulihan."
"131","Batuk Pilek (Common Cold)","Pengobatan","Cara cepat sembuh dari batuk pilek itu gimana?","Batuk pilek disebabkan virus sehingga tidak memerlukan antibiotik. Pengobatan bersifat simtomatik: istirahat yang cukup, minum air putih yang banyak, madu dan jahe untuk meredakan tenggorokan, dekongestan untuk hidung tersumbat, antihistamin untuk hidung meler, dan paracetamol untuk demam dan nyeri. Konsumsi vitamin C dan zinc dapat membantu mempercepat pemulihan."
"132","Batuk Pilek (Common Cold)","Pengobatan","Apakah antibiotik diperlukan untuk mengobati pilek?","Batuk pilek disebabkan virus sehingga tidak memerlukan antibiotik. Pengobatan bersifat simtomatik: istirahat yang cukup, minum air putih yang banyak, madu dan jahe untuk meredakan tenggorokan, dekongestan untuk hidung tersumbat, antihistamin untuk hidung meler, dan paracetamol untuk demam dan nyeri. Konsumsi vitamin C dan zinc dapat membantu mempercepat pemulihan."
"133","Migren (Sakit Kepala Sebelah)","Gejala","Apa saja gejala dari penyakit migren atau sakit kepala sebelah?","Migren ditandai dengan nyeri kepala berdenyut yang biasanya hanya pada satu sisi kepala, berlangsung 4–72 jam, disertai mual dan muntah, sangat sensitif terhadap cahaya (fotofobia) dan suara (fonofobia). Sebagian penderita mengalami 'aura' sebelum nyeri, berupa kilatan cahaya, gangguan penglihatan, atau kesemutan di wajah dan tangan."
"134","Migren (Sakit Kepala Sebelah)","Gejala","Bagaimana tanda-tanda seseorang terkena migren?","Migren ditandai dengan nyeri kepala berdenyut yang biasanya hanya pada satu sisi kepala, berlangsung 4–72 jam, disertai mual dan muntah, sangat sensitif terhadap cahaya (fotofobia) dan suara (fonofobia). Sebagian penderita mengalami 'aura' sebelum nyeri, berupa kilatan cahaya, gangguan penglihatan, atau kesemutan di wajah dan tangan."
"135","Migren (Sakit Kepala Sebelah)","Gejala","Ciri-ciri migren itu seperti apa ya?","Migren ditandai dengan nyeri kepala berdenyut yang biasanya hanya pada satu sisi kepala, berlangsung 4–72 jam, disertai mual dan muntah, sangat sensitif terhadap cahaya (fotofobia) dan suara (fonofobia). Sebagian penderita mengalami 'aura' sebelum nyeri, berupa kilatan cahaya, gangguan penglihatan, atau kesemutan di wajah dan tangan."
"136","Migren (Sakit Kepala Sebelah)","Gejala","Apa yang membedakan migren dengan sakit kepala biasa?","Migren ditandai dengan nyeri kepala berdenyut yang biasanya hanya pada satu sisi kepala, berlangsung 4–72 jam, disertai mual dan muntah, sangat sensitif terhadap cahaya (fotofobia) dan suara (fonofobia). Sebagian penderita mengalami 'aura' sebelum nyeri, berupa kilatan cahaya, gangguan penglihatan, atau kesemutan di wajah dan tangan."
"137","Migren (Sakit Kepala Sebelah)","Pencegahan","Bagaimana cara mencegah migren agar tidak sering kambuh?","Pencegahan migren meliputi identifikasi dan penghindaran pemicu (stres, kurang tidur, kafein berlebih, hormon, makanan tertentu seperti keju dan coklat), menjaga pola tidur dan makan yang teratur, mengelola stres dengan relaksasi atau meditasi, cukup minum air putih, dan pada kasus sering dapat diberikan obat pencegah (profilaksis) seperti topiramat atau propranolol oleh dokter."
"138","Migren (Sakit Kepala Sebelah)","Pencegahan","Apa yang harus dihindari agar migren tidak kumat?","Pencegahan migren meliputi identifikasi dan penghindaran pemicu (stres, kurang tidur, kafein berlebih, hormon, makanan tertentu seperti keju dan coklat), menjaga pola tidur dan makan yang teratur, mengelola stres dengan relaksasi atau meditasi, cukup minum air putih, dan pada kasus sering dapat diberikan obat pencegah (profilaksis) seperti topiramat atau propranolol oleh dokter."
"139","Migren (Sakit Kepala Sebelah)","Pencegahan","Tips hidup sehat untuk mencegah serangan migren?","Pencegahan migren meliputi identifikasi dan penghindaran pemicu (stres, kurang tidur, kafein berlebih, hormon, makanan tertentu seperti keju dan coklat), menjaga pola tidur dan makan yang teratur, mengelola stres dengan relaksasi atau meditasi, cukup minum air putih, dan pada kasus sering dapat diberikan obat pencegah (profilaksis) seperti topiramat atau propranolol oleh dokter."
"140","Migren (Sakit Kepala Sebelah)","Pencegahan","Gimana cara mengurangi frekuensi migren?","Pencegahan migren meliputi identifikasi dan penghindaran pemicu (stres, kurang tidur, kafein berlebih, hormon, makanan tertentu seperti keju dan coklat), menjaga pola tidur dan makan yang teratur, mengelola stres dengan relaksasi atau meditasi, cukup minum air putih, dan pada kasus sering dapat diberikan obat pencegah (profilaksis) seperti topiramat atau propranolol oleh dokter."
"141","Migren (Sakit Kepala Sebelah)","Pengobatan","Bagaimana cara mengobati migren saat serangan terjadi?","Pengobatan migren akut meliputi analgesik seperti ibuprofen atau paracetamol untuk kasus ringan–sedang, dan triptan (seperti sumatriptan) untuk kasus sedang–berat yang diresepkan dokter. Saat serangan, sebaiknya istirahat di ruangan gelap dan tenang, kompres dingin di kepala, dan hindari rangsangan cahaya dan suara. Jangan menunda pengobatan saat gejala mulai muncul."
"142","Migren (Sakit Kepala Sebelah)","Pengobatan","Obat apa yang ampuh untuk mengatasi migren?","Pengobatan migren akut meliputi analgesik seperti ibuprofen atau paracetamol untuk kasus ringan–sedang, dan triptan (seperti sumatriptan) untuk kasus sedang–berat yang diresepkan dokter. Saat serangan, sebaiknya istirahat di ruangan gelap dan tenang, kompres dingin di kepala, dan hindari rangsangan cahaya dan suara. Jangan menunda pengobatan saat gejala mulai muncul."
"143","Migren (Sakit Kepala Sebelah)","Pengobatan","Penanganan migren yang tepat itu seperti apa?","Pengobatan migren akut meliputi analgesik seperti ibuprofen atau paracetamol untuk kasus ringan–sedang, dan triptan (seperti sumatriptan) untuk kasus sedang–berat yang diresepkan dokter. Saat serangan, sebaiknya istirahat di ruangan gelap dan tenang, kompres dingin di kepala, dan hindari rangsangan cahaya dan suara. Jangan menunda pengobatan saat gejala mulai muncul."
"144","Migren (Sakit Kepala Sebelah)","Pengobatan","Apa yang harus dilakukan saat migren menyerang?","Pengobatan migren akut meliputi analgesik seperti ibuprofen atau paracetamol untuk kasus ringan–sedang, dan triptan (seperti sumatriptan) untuk kasus sedang–berat yang diresepkan dokter. Saat serangan, sebaiknya istirahat di ruangan gelap dan tenang, kompres dingin di kepala, dan hindari rangsangan cahaya dan suara. Jangan menunda pengobatan saat gejala mulai muncul."
"145","Artritis (Radang Sendi)","Gejala","Apa saja gejala dari penyakit artritis atau radang sendi?","Gejala artritis meliputi nyeri sendi, bengkak, kemerahan, dan rasa hangat di area sendi yang terkena, serta kekakuan sendi terutama di pagi hari. Pada artritis reumatoid, sendi-sendi kecil di tangan dan kaki biasanya terkena secara simetris. Pada osteoartritis, sendi-sendi besar seperti lutut, pinggul, dan tulang belakang lebih sering terdampak."
"146","Artritis (Radang Sendi)","Gejala","Bagaimana tanda-tanda seseorang terkena radang sendi?","Gejala artritis meliputi nyeri sendi, bengkak, kemerahan, dan rasa hangat di area sendi yang terkena, serta kekakuan sendi terutama di pagi hari. Pada artritis reumatoid, sendi-sendi kecil di tangan dan kaki biasanya terkena secara simetris. Pada osteoartritis, sendi-sendi besar seperti lutut, pinggul, dan tulang belakang lebih sering terdampak."
"147","Artritis (Radang Sendi)","Gejala","Ciri-ciri artritis itu seperti apa ya?","Gejala artritis meliputi nyeri sendi, bengkak, kemerahan, dan rasa hangat di area sendi yang terkena, serta kekakuan sendi terutama di pagi hari. Pada artritis reumatoid, sendi-sendi kecil di tangan dan kaki biasanya terkena secara simetris. Pada osteoartritis, sendi-sendi besar seperti lutut, pinggul, dan tulang belakang lebih sering terdampak."
"148","Artritis (Radang Sendi)","Gejala","Apa yang dirasakan penderita radang sendi?","Gejala artritis meliputi nyeri sendi, bengkak, kemerahan, dan rasa hangat di area sendi yang terkena, serta kekakuan sendi terutama di pagi hari. Pada artritis reumatoid, sendi-sendi kecil di tangan dan kaki biasanya terkena secara simetris. Pada osteoartritis, sendi-sendi besar seperti lutut, pinggul, dan tulang belakang lebih sering terdampak."
"149","Artritis (Radang Sendi)","Pencegahan","Bagaimana cara mencegah radang sendi atau artritis?","Pencegahan artritis meliputi menjaga berat badan ideal untuk mengurangi beban pada sendi, rutin berolahraga ringan seperti renang dan jalan kaki untuk menjaga fleksibilitas sendi, menghindari cedera sendi dengan pemanasan sebelum olahraga, mengonsumsi makanan bergizi kaya antioksidan, dan tidak merokok (faktor risiko artritis reumatoid)."
"150","Artritis (Radang Sendi)","Pencegahan","Apa yang bisa dilakukan agar sendi tetap sehat?","Pencegahan artritis meliputi menjaga berat badan ideal untuk mengurangi beban pada sendi, rutin berolahraga ringan seperti renang dan jalan kaki untuk menjaga fleksibilitas sendi, menghindari cedera sendi dengan pemanasan sebelum olahraga, mengonsumsi makanan bergizi kaya antioksidan, dan tidak merokok (faktor risiko artritis reumatoid)."
"151","Artritis (Radang Sendi)","Pencegahan","Tips menjaga kesehatan sendi agar tidak kena artritis?","Pencegahan artritis meliputi menjaga berat badan ideal untuk mengurangi beban pada sendi, rutin berolahraga ringan seperti renang dan jalan kaki untuk menjaga fleksibilitas sendi, menghindari cedera sendi dengan pemanasan sebelum olahraga, mengonsumsi makanan bergizi kaya antioksidan, dan tidak merokok (faktor risiko artritis reumatoid)."
"152","Artritis (Radang Sendi)","Pencegahan","Gimana cara mencegah nyeri sendi di usia tua?","Pencegahan artritis meliputi menjaga berat badan ideal untuk mengurangi beban pada sendi, rutin berolahraga ringan seperti renang dan jalan kaki untuk menjaga fleksibilitas sendi, menghindari cedera sendi dengan pemanasan sebelum olahraga, mengonsumsi makanan bergizi kaya antioksidan, dan tidak merokok (faktor risiko artritis reumatoid)."
"153","Artritis (Radang Sendi)","Pengobatan","Bagaimana cara mengobati artritis atau radang sendi?","Pengobatan artritis bertujuan mengurangi nyeri dan memperlambat kerusakan sendi. Mencakup obat OAINS untuk nyeri, Disease-Modifying Antirheumatic Drugs (DMARDs) seperti metotreksat untuk artritis reumatoid, fisioterapi untuk menjaga fungsi sendi, serta operasi penggantian sendi pada kasus lanjut. Artritis umumnya tidak bisa sembuh total tetapi dapat dikontrol dengan baik."
"154","Artritis (Radang Sendi)","Pengobatan","Obat apa yang digunakan untuk mengatasi nyeri sendi?","Pengobatan artritis bertujuan mengurangi nyeri dan memperlambat kerusakan sendi. Mencakup obat OAINS untuk nyeri, Disease-Modifying Antirheumatic Drugs (DMARDs) seperti metotreksat untuk artritis reumatoid, fisioterapi untuk menjaga fungsi sendi, serta operasi penggantian sendi pada kasus lanjut. Artritis umumnya tidak bisa sembuh total tetapi dapat dikontrol dengan baik."
"155","Artritis (Radang Sendi)","Pengobatan","Penanganan artritis yang tepat itu seperti apa?","Pengobatan artritis bertujuan mengurangi nyeri dan memperlambat kerusakan sendi. Mencakup obat OAINS untuk nyeri, Disease-Modifying Antirheumatic Drugs (DMARDs) seperti metotreksat untuk artritis reumatoid, fisioterapi untuk menjaga fungsi sendi, serta operasi penggantian sendi pada kasus lanjut. Artritis umumnya tidak bisa sembuh total tetapi dapat dikontrol dengan baik."
"156","Artritis (Radang Sendi)","Pengobatan","Apakah artritis bisa disembuhkan sepenuhnya?","Pengobatan artritis bertujuan mengurangi nyeri dan memperlambat kerusakan sendi. Mencakup obat OAINS untuk nyeri, Disease-Modifying Antirheumatic Drugs (DMARDs) seperti metotreksat untuk artritis reumatoid, fisioterapi untuk menjaga fungsi sendi, serta operasi penggantian sendi pada kasus lanjut. Artritis umumnya tidak bisa sembuh total tetapi dapat dikontrol dengan baik."
"157","Hipotiroidisme","Gejala","Apa saja gejala dari hipotiroidisme atau kelenjar tiroid yang kurang aktif?","Gejala hipotiroidisme meliputi kelelahan dan lemas berkepanjangan, berat badan naik meski tidak banyak makan, kedinginan meski cuaca tidak dingin, sembelit, kulit kering dan rambut rontok, wajah dan kelopak mata bengkak (terutama pagi hari), denyut jantung lambat, depresi, dan sulit berkonsentrasi. Gejala berkembang perlahan dan sering disalahartikan sebagai penuaan."
"158","Hipotiroidisme","Gejala","Bagaimana tanda-tanda seseorang menderita hipotiroid?","Gejala hipotiroidisme meliputi kelelahan dan lemas berkepanjangan, berat badan naik meski tidak banyak makan, kedinginan meski cuaca tidak dingin, sembelit, kulit kering dan rambut rontok, wajah dan kelopak mata bengkak (terutama pagi hari), denyut jantung lambat, depresi, dan sulit berkonsentrasi. Gejala berkembang perlahan dan sering disalahartikan sebagai penuaan."
"159","Hipotiroidisme","Gejala","Ciri-ciri hipotiroidisme itu seperti apa ya?","Gejala hipotiroidisme meliputi kelelahan dan lemas berkepanjangan, berat badan naik meski tidak banyak makan, kedinginan meski cuaca tidak dingin, sembelit, kulit kering dan rambut rontok, wajah dan kelopak mata bengkak (terutama pagi hari), denyut jantung lambat, depresi, dan sulit berkonsentrasi. Gejala berkembang perlahan dan sering disalahartikan sebagai penuaan."
"160","Hipotiroidisme","Gejala","Apa yang dirasakan tubuh jika kelenjar tiroid kurang aktif?","Gejala hipotiroidisme meliputi kelelahan dan lemas berkepanjangan, berat badan naik meski tidak banyak makan, kedinginan meski cuaca tidak dingin, sembelit, kulit kering dan rambut rontok, wajah dan kelopak mata bengkak (terutama pagi hari), denyut jantung lambat, depresi, dan sulit berkonsentrasi. Gejala berkembang perlahan dan sering disalahartikan sebagai penuaan."
"161","Hipotiroidisme","Pencegahan","Bagaimana cara mencegah hipotiroidisme?","Pencegahan hipotiroidisme meliputi memastikan asupan yodium yang cukup melalui konsumsi garam beryodium dan makanan laut, menghindari paparan radiasi di area leher berlebihan, pemeriksaan tiroid rutin terutama bagi wanita di atas 60 tahun atau yang memiliki riwayat keluarga dengan penyakit tiroid, dan tidak mengonsumsi suplemen yodium berlebihan tanpa pengawasan dokter."
"162","Hipotiroidisme","Pencegahan","Apa yang bisa dilakukan agar kelenjar tiroid tetap sehat?","Pencegahan hipotiroidisme meliputi memastikan asupan yodium yang cukup melalui konsumsi garam beryodium dan makanan laut, menghindari paparan radiasi di area leher berlebihan, pemeriksaan tiroid rutin terutama bagi wanita di atas 60 tahun atau yang memiliki riwayat keluarga dengan penyakit tiroid, dan tidak mengonsumsi suplemen yodium berlebihan tanpa pengawasan dokter."
"163","Hipotiroidisme","Pencegahan","Tips menjaga fungsi tiroid itu gimana?","Pencegahan hipotiroidisme meliputi memastikan asupan yodium yang cukup melalui konsumsi garam beryodium dan makanan laut, menghindari paparan radiasi di area leher berlebihan, pemeriksaan tiroid rutin terutama bagi wanita di atas 60 tahun atau yang memiliki riwayat keluarga dengan penyakit tiroid, dan tidak mengonsumsi suplemen yodium berlebihan tanpa pengawasan dokter."
"164","Hipotiroidisme","Pencegahan","Apakah konsumsi yodium bisa mencegah hipotiroid?","Pencegahan hipotiroidisme meliputi memastikan asupan yodium yang cukup melalui konsumsi garam beryodium dan makanan laut, menghindari paparan radiasi di area leher berlebihan, pemeriksaan tiroid rutin terutama bagi wanita di atas 60 tahun atau yang memiliki riwayat keluarga dengan penyakit tiroid, dan tidak mengonsumsi suplemen yodium berlebihan tanpa pengawasan dokter."
"165","Hipotiroidisme","Pengobatan","Bagaimana cara mengobati hipotiroidisme?","Pengobatan hipotiroidisme utamanya menggunakan hormon tiroid sintetik yaitu levotiroksin (T4) yang diminum sekali sehari dalam kondisi perut kosong. Dosis disesuaikan berdasarkan hasil pemeriksaan darah TSH secara rutin. Pada kebanyakan kasus, pengobatan memang diperlukan seumur hidup, namun pasien dapat menjalani hidup normal dengan dosis yang tepat dan pemantauan rutin."
"166","Hipotiroidisme","Pengobatan","Obat apa yang diberikan untuk mengatasi tiroid yang kurang aktif?","Pengobatan hipotiroidisme utamanya menggunakan hormon tiroid sintetik yaitu levotiroksin (T4) yang diminum sekali sehari dalam kondisi perut kosong. Dosis disesuaikan berdasarkan hasil pemeriksaan darah TSH secara rutin. Pada kebanyakan kasus, pengobatan memang diperlukan seumur hidup, namun pasien dapat menjalani hidup normal dengan dosis yang tepat dan pemantauan rutin."
"167","Hipotiroidisme","Pengobatan","Penanganan hipotiroid yang tepat itu seperti apa?","Pengobatan hipotiroidisme utamanya menggunakan hormon tiroid sintetik yaitu levotiroksin (T4) yang diminum sekali sehari dalam kondisi perut kosong. Dosis disesuaikan berdasarkan hasil pemeriksaan darah TSH secara rutin. Pada kebanyakan kasus, pengobatan memang diperlukan seumur hidup, namun pasien dapat menjalani hidup normal dengan dosis yang tepat dan pemantauan rutin."
"168","Hipotiroidisme","Pengobatan","Apakah pengobatan hipotiroid harus seumur hidup?","Pengobatan hipotiroidisme utamanya menggunakan hormon tiroid sintetik yaitu levotiroksin (T4) yang diminum sekali sehari dalam kondisi perut kosong. Dosis disesuaikan berdasarkan hasil pemeriksaan darah TSH secara rutin. Pada kebanyakan kasus, pengobatan memang diperlukan seumur hidup, namun pasien dapat menjalani hidup normal dengan dosis yang tepat dan pemantauan rutin."
"169","Hipertiroidisme","Gejala","Apa saja gejala dari hipertiroidisme atau kelenjar tiroid yang terlalu aktif?","Gejala hipertiroidisme meliputi penurunan berat badan meski nafsu makan meningkat, jantung berdebar cepat atau tidak teratur, gelisah dan cemas berlebihan, mudah berkeringat dan tidak tahan panas, tremor (gemetar) di tangan, gangguan tidur, sering buang air besar, kelemahan otot, dan pada wanita dapat terjadi gangguan siklus menstruasi."
"170","Hipertiroidisme","Gejala","Bagaimana tanda-tanda seseorang menderita hipertiroid?","Gejala hipertiroidisme meliputi penurunan berat badan meski nafsu makan meningkat, jantung berdebar cepat atau tidak teratur, gelisah dan cemas berlebihan, mudah berkeringat dan tidak tahan panas, tremor (gemetar) di tangan, gangguan tidur, sering buang air besar, kelemahan otot, dan pada wanita dapat terjadi gangguan siklus menstruasi."
"171","Hipertiroidisme","Gejala","Ciri-ciri hipertiroidisme itu seperti apa ya?","Gejala hipertiroidisme meliputi penurunan berat badan meski nafsu makan meningkat, jantung berdebar cepat atau tidak teratur, gelisah dan cemas berlebihan, mudah berkeringat dan tidak tahan panas, tremor (gemetar) di tangan, gangguan tidur, sering buang air besar, kelemahan otot, dan pada wanita dapat terjadi gangguan siklus menstruasi."
"172","Hipertiroidisme","Gejala","Apa yang dirasakan tubuh jika tiroid terlalu aktif?","Gejala hipertiroidisme meliputi penurunan berat badan meski nafsu makan meningkat, jantung berdebar cepat atau tidak teratur, gelisah dan cemas berlebihan, mudah berkeringat dan tidak tahan panas, tremor (gemetar) di tangan, gangguan tidur, sering buang air besar, kelemahan otot, dan pada wanita dapat terjadi gangguan siklus menstruasi."
"173","Hipertiroidisme","Pencegahan","Bagaimana cara mencegah hipertiroidisme?","Pencegahan hipertiroidisme sulit dilakukan karena penyebab utamanya (penyakit Graves) bersifat autoimun. Namun risiko dapat dikurangi dengan tidak mengonsumsi suplemen yodium atau obat yang mengandung yodium berlebihan, menghindari stres berat, tidak merokok, dan melakukan pemeriksaan tiroid rutin jika ada riwayat keluarga dengan penyakit tiroid."
"174","Hipertiroidisme","Pencegahan","Apa yang bisa dilakukan agar tiroid tidak jadi hiperaktif?","Pencegahan hipertiroidisme sulit dilakukan karena penyebab utamanya (penyakit Graves) bersifat autoimun. Namun risiko dapat dikurangi dengan tidak mengonsumsi suplemen yodium atau obat yang mengandung yodium berlebihan, menghindari stres berat, tidak merokok, dan melakukan pemeriksaan tiroid rutin jika ada riwayat keluarga dengan penyakit tiroid."
"175","Hipertiroidisme","Pencegahan","Tips menjaga keseimbangan fungsi tiroid itu gimana?","Pencegahan hipertiroidisme sulit dilakukan karena penyebab utamanya (penyakit Graves) bersifat autoimun. Namun risiko dapat dikurangi dengan tidak mengonsumsi suplemen yodium atau obat yang mengandung yodium berlebihan, menghindari stres berat, tidak merokok, dan melakukan pemeriksaan tiroid rutin jika ada riwayat keluarga dengan penyakit tiroid."
"176","Hipertiroidisme","Pencegahan","Adakah cara mencegah gondok atau hipertiroid?","Pencegahan hipertiroidisme sulit dilakukan karena penyebab utamanya (penyakit Graves) bersifat autoimun. Namun risiko dapat dikurangi dengan tidak mengonsumsi suplemen yodium atau obat yang mengandung yodium berlebihan, menghindari stres berat, tidak merokok, dan melakukan pemeriksaan tiroid rutin jika ada riwayat keluarga dengan penyakit tiroid."
"177","Hipertiroidisme","Pengobatan","Bagaimana cara mengobati hipertiroidisme?","Pengobatan hipertiroidisme meliputi tiga pilihan utama: obat antitiroid (propiltiourasil atau metimazol) untuk menghambat produksi hormon tiroid, terapi yodium radioaktif (RAI) untuk menghancurkan sebagian kelenjar tiroid, atau operasi pengangkatan sebagian/seluruh kelenjar tiroid (tiroidektomi). Pilihan terapi bergantung pada penyebab, usia, kondisi pasien, dan preferensi setelah konsultasi dengan dokter."
"178","Hipertiroidisme","Pengobatan","Obat apa yang digunakan untuk mengatasi tiroid yang terlalu aktif?","Pengobatan hipertiroidisme meliputi tiga pilihan utama: obat antitiroid (propiltiourasil atau metimazol) untuk menghambat produksi hormon tiroid, terapi yodium radioaktif (RAI) untuk menghancurkan sebagian kelenjar tiroid, atau operasi pengangkatan sebagian/seluruh kelenjar tiroid (tiroidektomi). Pilihan terapi bergantung pada penyebab, usia, kondisi pasien, dan preferensi setelah konsultasi dengan dokter."
"179","Hipertiroidisme","Pengobatan","Penanganan hipertiroid yang tepat itu seperti apa?","Pengobatan hipertiroidisme meliputi tiga pilihan utama: obat antitiroid (propiltiourasil atau metimazol) untuk menghambat produksi hormon tiroid, terapi yodium radioaktif (RAI) untuk menghancurkan sebagian kelenjar tiroid, atau operasi pengangkatan sebagian/seluruh kelenjar tiroid (tiroidektomi). Pilihan terapi bergantung pada penyebab, usia, kondisi pasien, dan preferensi setelah konsultasi dengan dokter."
"180","Hipertiroidisme","Pengobatan","Apakah hipertiroidisme perlu dioperasi?","Pengobatan hipertiroidisme meliputi tiga pilihan utama: obat antitiroid (propiltiourasil atau metimazol) untuk menghambat produksi hormon tiroid, terapi yodium radioaktif (RAI) untuk menghancurkan sebagian kelenjar tiroid, atau operasi pengangkatan sebagian/seluruh kelenjar tiroid (tiroidektomi). Pilihan terapi bergantung pada penyebab, usia, kondisi pasien, dan preferensi setelah konsultasi dengan dokter."
"181","Hepatitis B","Gejala","Apa saja gejala penyakit hepatitis B?","Hepatitis B akut dapat tidak bergejala atau muncul gejala seperti kelelahan, mual muntah, nyeri perut kanan atas, urin berwarna gelap (seperti teh), feses berwarna pucat, nyeri sendi, dan kulit serta mata yang menguning (ikterus). Hepatitis B kronis sering tanpa gejala selama bertahun-tahun hingga terjadi kerusakan hati yang serius seperti sirosis atau kanker hati."
"182","Hepatitis B","Gejala","Bagaimana tanda-tanda seseorang terinfeksi hepatitis B?","Hepatitis B akut dapat tidak bergejala atau muncul gejala seperti kelelahan, mual muntah, nyeri perut kanan atas, urin berwarna gelap (seperti teh), feses berwarna pucat, nyeri sendi, dan kulit serta mata yang menguning (ikterus). Hepatitis B kronis sering tanpa gejala selama bertahun-tahun hingga terjadi kerusakan hati yang serius seperti sirosis atau kanker hati."
"183","Hepatitis B","Gejala","Ciri-ciri hepatitis B itu seperti apa ya?","Hepatitis B akut dapat tidak bergejala atau muncul gejala seperti kelelahan, mual muntah, nyeri perut kanan atas, urin berwarna gelap (seperti teh), feses berwarna pucat, nyeri sendi, dan kulit serta mata yang menguning (ikterus). Hepatitis B kronis sering tanpa gejala selama bertahun-tahun hingga terjadi kerusakan hati yang serius seperti sirosis atau kanker hati."
"184","Hepatitis B","Gejala","Apa yang dirasakan tubuh ketika terkena hepatitis B?","Hepatitis B akut dapat tidak bergejala atau muncul gejala seperti kelelahan, mual muntah, nyeri perut kanan atas, urin berwarna gelap (seperti teh), feses berwarna pucat, nyeri sendi, dan kulit serta mata yang menguning (ikterus). Hepatitis B kronis sering tanpa gejala selama bertahun-tahun hingga terjadi kerusakan hati yang serius seperti sirosis atau kanker hati."
"185","Hepatitis B","Pencegahan","Bagaimana cara mencegah penularan hepatitis B?","Pencegahan hepatitis B paling efektif melalui vaksinasi (3 dosis jadwal standar). Selain itu, hindari berbagi jarum suntik, pisau cukur, atau sikat gigi; gunakan kondom saat berhubungan seksual; pastikan prosedur medis dan tato menggunakan alat steril; dan ibu hamil dengan hepatitis B harus melaporkan kondisinya agar bayi segera mendapat imunoglobulin hepatitis B dan vaksin saat lahir."
"186","Hepatitis B","Pencegahan","Apa yang bisa dilakukan agar tidak tertular hepatitis B?","Pencegahan hepatitis B paling efektif melalui vaksinasi (3 dosis jadwal standar). Selain itu, hindari berbagi jarum suntik, pisau cukur, atau sikat gigi; gunakan kondom saat berhubungan seksual; pastikan prosedur medis dan tato menggunakan alat steril; dan ibu hamil dengan hepatitis B harus melaporkan kondisinya agar bayi segera mendapat imunoglobulin hepatitis B dan vaksin saat lahir."
"187","Hepatitis B","Pencegahan","Apakah ada vaksin untuk hepatitis B?","Pencegahan hepatitis B paling efektif melalui vaksinasi (3 dosis jadwal standar). Selain itu, hindari berbagi jarum suntik, pisau cukur, atau sikat gigi; gunakan kondom saat berhubungan seksual; pastikan prosedur medis dan tato menggunakan alat steril; dan ibu hamil dengan hepatitis B harus melaporkan kondisinya agar bayi segera mendapat imunoglobulin hepatitis B dan vaksin saat lahir."
"188","Hepatitis B","Pencegahan","Cara melindungi diri dari virus hepatitis B itu bagaimana?","Pencegahan hepatitis B paling efektif melalui vaksinasi (3 dosis jadwal standar). Selain itu, hindari berbagi jarum suntik, pisau cukur, atau sikat gigi; gunakan kondom saat berhubungan seksual; pastikan prosedur medis dan tato menggunakan alat steril; dan ibu hamil dengan hepatitis B harus melaporkan kondisinya agar bayi segera mendapat imunoglobulin hepatitis B dan vaksin saat lahir."
"189","Hepatitis B","Pengobatan","Bagaimana cara mengobati hepatitis B?","Hepatitis B akut biasanya sembuh sendiri dan hanya memerlukan pengobatan suportif (istirahat, nutrisi baik, hindari alkohol). Hepatitis B kronis diobati dengan antivirus seperti tenofovir atau entecavir untuk menekan replikasi virus dan mencegah kerusakan hati lebih lanjut. Hingga saat ini belum ada obat yang bisa menyembuhkan hepatitis B sepenuhnya, sehingga pengobatan bertujuan mengendalikan virus jangka panjang."
"190","Hepatitis B","Pengobatan","Obat apa yang digunakan untuk mengatasi hepatitis B?","Hepatitis B akut biasanya sembuh sendiri dan hanya memerlukan pengobatan suportif (istirahat, nutrisi baik, hindari alkohol). Hepatitis B kronis diobati dengan antivirus seperti tenofovir atau entecavir untuk menekan replikasi virus dan mencegah kerusakan hati lebih lanjut. Hingga saat ini belum ada obat yang bisa menyembuhkan hepatitis B sepenuhnya, sehingga pengobatan bertujuan mengendalikan virus jangka panjang."
"191","Hepatitis B","Pengobatan","Penanganan hepatitis B yang tepat itu seperti apa?","Hepatitis B akut biasanya sembuh sendiri dan hanya memerlukan pengobatan suportif (istirahat, nutrisi baik, hindari alkohol). Hepatitis B kronis diobati dengan antivirus seperti tenofovir atau entecavir untuk menekan replikasi virus dan mencegah kerusakan hati lebih lanjut. Hingga saat ini belum ada obat yang bisa menyembuhkan hepatitis B sepenuhnya, sehingga pengobatan bertujuan mengendalikan virus jangka panjang."
"192","Hepatitis B","Pengobatan","Apakah hepatitis B bisa disembuhkan sepenuhnya?","Hepatitis B akut biasanya sembuh sendiri dan hanya memerlukan pengobatan suportif (istirahat, nutrisi baik, hindari alkohol). Hepatitis B kronis diobati dengan antivirus seperti tenofovir atau entecavir untuk menekan replikasi virus dan mencegah kerusakan hati lebih lanjut. Hingga saat ini belum ada obat yang bisa menyembuhkan hepatitis B sepenuhnya, sehingga pengobatan bertujuan mengendalikan virus jangka panjang."
"193","Serangan Jantung","Gejala","Apa saja gejala serangan jantung yang harus diwaspadai?","Gejala serangan jantung meliputi nyeri dada yang terasa seperti ditekan, diremas, atau terbakar yang bisa menjalar ke lengan kiri, rahang, leher, punggung, atau perut atas; sesak napas; keringat dingin mendadak; mual dan muntah; pusing; dan rasa takut atau cemas berlebihan. Gejala pada wanita bisa lebih tidak khas, seperti kelelahan ekstrem, mual, atau nyeri punggung tanpa nyeri dada yang jelas."
"194","Serangan Jantung","Gejala","Bagaimana tanda-tanda seseorang sedang mengalami serangan jantung?","Gejala serangan jantung meliputi nyeri dada yang terasa seperti ditekan, diremas, atau terbakar yang bisa menjalar ke lengan kiri, rahang, leher, punggung, atau perut atas; sesak napas; keringat dingin mendadak; mual dan muntah; pusing; dan rasa takut atau cemas berlebihan. Gejala pada wanita bisa lebih tidak khas, seperti kelelahan ekstrem, mual, atau nyeri punggung tanpa nyeri dada yang jelas."
"195","Serangan Jantung","Gejala","Ciri-ciri serangan jantung itu seperti apa ya?","Gejala serangan jantung meliputi nyeri dada yang terasa seperti ditekan, diremas, atau terbakar yang bisa menjalar ke lengan kiri, rahang, leher, punggung, atau perut atas; sesak napas; keringat dingin mendadak; mual dan muntah; pusing; dan rasa takut atau cemas berlebihan. Gejala pada wanita bisa lebih tidak khas, seperti kelelahan ekstrem, mual, atau nyeri punggung tanpa nyeri dada yang jelas."
"196","Serangan Jantung","Gejala","Apa yang dirasakan tubuh ketika terkena serangan jantung?","Gejala serangan jantung meliputi nyeri dada yang terasa seperti ditekan, diremas, atau terbakar yang bisa menjalar ke lengan kiri, rahang, leher, punggung, atau perut atas; sesak napas; keringat dingin mendadak; mual dan muntah; pusing; dan rasa takut atau cemas berlebihan. Gejala pada wanita bisa lebih tidak khas, seperti kelelahan ekstrem, mual, atau nyeri punggung tanpa nyeri dada yang jelas."
"197","Serangan Jantung","Pencegahan","Bagaimana cara mencegah serangan jantung?","Pencegahan serangan jantung meliputi berhenti merokok, rutin berolahraga aerobik, menjaga berat badan ideal, mengontrol tekanan darah dan kadar kolesterol, mengelola diabetes dengan baik, mengurangi konsumsi makanan tinggi lemak jenuh dan garam, mengelola stres, dan melakukan pemeriksaan kesehatan jantung secara rutin terutama bagi yang memiliki faktor risiko."
"198","Serangan Jantung","Pencegahan","Apa yang bisa dilakukan agar jantung tetap sehat?","Pencegahan serangan jantung meliputi berhenti merokok, rutin berolahraga aerobik, menjaga berat badan ideal, mengontrol tekanan darah dan kadar kolesterol, mengelola diabetes dengan baik, mengurangi konsumsi makanan tinggi lemak jenuh dan garam, mengelola stres, dan melakukan pemeriksaan kesehatan jantung secara rutin terutama bagi yang memiliki faktor risiko."
"199","Serangan Jantung","Pencegahan","Tips menjaga kesehatan jantung untuk menghindari serangan?","Pencegahan serangan jantung meliputi berhenti merokok, rutin berolahraga aerobik, menjaga berat badan ideal, mengontrol tekanan darah dan kadar kolesterol, mengelola diabetes dengan baik, mengurangi konsumsi makanan tinggi lemak jenuh dan garam, mengelola stres, dan melakukan pemeriksaan kesehatan jantung secara rutin terutama bagi yang memiliki faktor risiko."
"200","Serangan Jantung","Pencegahan","Faktor risiko serangan jantung apa yang harus dihindari?","Pencegahan serangan jantung meliputi berhenti merokok, rutin berolahraga aerobik, menjaga berat badan ideal, mengontrol tekanan darah dan kadar kolesterol, mengelola diabetes dengan baik, mengurangi konsumsi makanan tinggi lemak jenuh dan garam, mengelola stres, dan melakukan pemeriksaan kesehatan jantung secara rutin terutama bagi yang memiliki faktor risiko."
"201","Serangan Jantung","Pengobatan","Apa yang harus dilakukan jika seseorang mengalami serangan jantung?","Serangan jantung adalah kedaruratan medis — segera hubungi 119 atau minta orang lain membawa ke IGD terdekat. Penanganan mencakup pemberian aspirin (jika tidak alergi), oksigen, dan segera dilakukan tindakan reperfusi seperti Primary PCI (pemasangan stent) dalam 90 menit dari kontak medis pertama, atau trombolitik jika PCI tidak tersedia. Waktu emas adalah 'time is muscle' — semakin cepat ditangani, semakin banyak otot jantung yang bisa diselamatkan."
"202","Serangan Jantung","Pengobatan","Bagaimana penanganan pertama saat terjadi serangan jantung?","Serangan jantung adalah kedaruratan medis — segera hubungi 119 atau minta orang lain membawa ke IGD terdekat. Penanganan mencakup pemberian aspirin (jika tidak alergi), oksigen, dan segera dilakukan tindakan reperfusi seperti Primary PCI (pemasangan stent) dalam 90 menit dari kontak medis pertama, atau trombolitik jika PCI tidak tersedia. Waktu emas adalah 'time is muscle' — semakin cepat ditangani, semakin banyak otot jantung yang bisa diselamatkan."
"203","Serangan Jantung","Pengobatan","Pengobatan serangan jantung di rumah sakit itu seperti apa?","Serangan jantung adalah kedaruratan medis — segera hubungi 119 atau minta orang lain membawa ke IGD terdekat. Penanganan mencakup pemberian aspirin (jika tidak alergi), oksigen, dan segera dilakukan tindakan reperfusi seperti Primary PCI (pemasangan stent) dalam 90 menit dari kontak medis pertama, atau trombolitik jika PCI tidak tersedia. Waktu emas adalah 'time is muscle' — semakin cepat ditangani, semakin banyak otot jantung yang bisa diselamatkan."
"204","Serangan Jantung","Pengobatan","Berapa lama waktu emas penanganan serangan jantung?","Serangan jantung adalah kedaruratan medis — segera hubungi 119 atau minta orang lain membawa ke IGD terdekat. Penanganan mencakup pemberian aspirin (jika tidak alergi), oksigen, dan segera dilakukan tindakan reperfusi seperti Primary PCI (pemasangan stent) dalam 90 menit dari kontak medis pertama, atau trombolitik jika PCI tidak tersedia. Waktu emas adalah 'time is muscle' — semakin cepat ditangani, semakin banyak otot jantung yang bisa diselamatkan."
"205","Infeksi Saluran Kemih (ISK)","Gejala","Apa saja gejala infeksi saluran kemih (ISK)?","Gejala ISK meliputi rasa nyeri atau perih saat buang air kecil (disuria), frekuensi buang air kecil meningkat namun jumlah urin sedikit, rasa tidak tuntas setelah BAK, urin keruh atau berbau menyengat, urin berwarna kemerahan atau kecoklatan (tanda darah), nyeri atau tekanan di perut bagian bawah, dan pada ISK bagian atas (pielonefritis) dapat disertai demam tinggi dan nyeri pinggang."
"206","Infeksi Saluran Kemih (ISK)","Gejala","Bagaimana tanda-tanda seseorang terkena ISK?","Gejala ISK meliputi rasa nyeri atau perih saat buang air kecil (disuria), frekuensi buang air kecil meningkat namun jumlah urin sedikit, rasa tidak tuntas setelah BAK, urin keruh atau berbau menyengat, urin berwarna kemerahan atau kecoklatan (tanda darah), nyeri atau tekanan di perut bagian bawah, dan pada ISK bagian atas (pielonefritis) dapat disertai demam tinggi dan nyeri pinggang."
"207","Infeksi Saluran Kemih (ISK)","Gejala","Ciri-ciri infeksi saluran kemih itu seperti apa ya?","Gejala ISK meliputi rasa nyeri atau perih saat buang air kecil (disuria), frekuensi buang air kecil meningkat namun jumlah urin sedikit, rasa tidak tuntas setelah BAK, urin keruh atau berbau menyengat, urin berwarna kemerahan atau kecoklatan (tanda darah), nyeri atau tekanan di perut bagian bawah, dan pada ISK bagian atas (pielonefritis) dapat disertai demam tinggi dan nyeri pinggang."
"208","Infeksi Saluran Kemih (ISK)","Gejala","Apa yang dirasakan ketika saluran kemih sedang infeksi?","Gejala ISK meliputi rasa nyeri atau perih saat buang air kecil (disuria), frekuensi buang air kecil meningkat namun jumlah urin sedikit, rasa tidak tuntas setelah BAK, urin keruh atau berbau menyengat, urin berwarna kemerahan atau kecoklatan (tanda darah), nyeri atau tekanan di perut bagian bawah, dan pada ISK bagian atas (pielonefritis) dapat disertai demam tinggi dan nyeri pinggang."
"209","Infeksi Saluran Kemih (ISK)","Pencegahan","Bagaimana cara mencegah infeksi saluran kemih?","Pencegahan ISK meliputi minum air putih minimal 8 gelas per hari, tidak menahan buang air kecil terlalu lama, membersihkan area kemaluan dari depan ke belakang (terutama wanita) setelah BAB dan BAK, buang air kecil setelah berhubungan seksual, menghindari produk kebersihan kewanitaan yang mengandung pewangi, menggunakan pakaian dalam berbahan katun, dan menjaga kebersihan organ intim."
"210","Infeksi Saluran Kemih (ISK)","Pencegahan","Apa yang bisa dilakukan agar tidak kena ISK?","Pencegahan ISK meliputi minum air putih minimal 8 gelas per hari, tidak menahan buang air kecil terlalu lama, membersihkan area kemaluan dari depan ke belakang (terutama wanita) setelah BAB dan BAK, buang air kecil setelah berhubungan seksual, menghindari produk kebersihan kewanitaan yang mengandung pewangi, menggunakan pakaian dalam berbahan katun, dan menjaga kebersihan organ intim."
"211","Infeksi Saluran Kemih (ISK)","Pencegahan","Tips mencegah ISK terutama bagi wanita itu bagaimana?","Pencegahan ISK meliputi minum air putih minimal 8 gelas per hari, tidak menahan buang air kecil terlalu lama, membersihkan area kemaluan dari depan ke belakang (terutama wanita) setelah BAB dan BAK, buang air kecil setelah berhubungan seksual, menghindari produk kebersihan kewanitaan yang mengandung pewangi, menggunakan pakaian dalam berbahan katun, dan menjaga kebersihan organ intim."
"212","Infeksi Saluran Kemih (ISK)","Pencegahan","Cara menjaga kesehatan saluran kemih itu gimana?","Pencegahan ISK meliputi minum air putih minimal 8 gelas per hari, tidak menahan buang air kecil terlalu lama, membersihkan area kemaluan dari depan ke belakang (terutama wanita) setelah BAB dan BAK, buang air kecil setelah berhubungan seksual, menghindari produk kebersihan kewanitaan yang mengandung pewangi, menggunakan pakaian dalam berbahan katun, dan menjaga kebersihan organ intim."
"213","Infeksi Saluran Kemih (ISK)","Pengobatan","Bagaimana cara mengobati infeksi saluran kemih?","ISK bakteri diobati dengan antibiotik sesuai resep dokter, seperti trimetoprim-sulfametoksazol, nitrofurantoin, atau siprofloksasin selama 3–7 hari untuk ISK bawah yang tidak komplikasi. Perbanyak minum air putih untuk membantu 'membilas' bakteri. ISK yang tidak diobati dapat berkembang menjadi pielonefritis yang lebih serius. Jangan menghentikan antibiotik sebelum habis meski sudah merasa sembuh."
"214","Infeksi Saluran Kemih (ISK)","Pengobatan","Obat apa yang dipakai untuk mengatasi ISK?","ISK bakteri diobati dengan antibiotik sesuai resep dokter, seperti trimetoprim-sulfametoksazol, nitrofurantoin, atau siprofloksasin selama 3–7 hari untuk ISK bawah yang tidak komplikasi. Perbanyak minum air putih untuk membantu 'membilas' bakteri. ISK yang tidak diobati dapat berkembang menjadi pielonefritis yang lebih serius. Jangan menghentikan antibiotik sebelum habis meski sudah merasa sembuh."
"215","Infeksi Saluran Kemih (ISK)","Pengobatan","Penanganan ISK yang tepat itu seperti apa?","ISK bakteri diobati dengan antibiotik sesuai resep dokter, seperti trimetoprim-sulfametoksazol, nitrofurantoin, atau siprofloksasin selama 3–7 hari untuk ISK bawah yang tidak komplikasi. Perbanyak minum air putih untuk membantu 'membilas' bakteri. ISK yang tidak diobati dapat berkembang menjadi pielonefritis yang lebih serius. Jangan menghentikan antibiotik sebelum habis meski sudah merasa sembuh."
"216","Infeksi Saluran Kemih (ISK)","Pengobatan","Apakah ISK perlu dibawa ke dokter atau bisa sembuh sendiri?","ISK bakteri diobati dengan antibiotik sesuai resep dokter, seperti trimetoprim-sulfametoksazol, nitrofurantoin, atau siprofloksasin selama 3–7 hari untuk ISK bawah yang tidak komplikasi. Perbanyak minum air putih untuk membantu 'membilas' bakteri. ISK yang tidak diobati dapat berkembang menjadi pielonefritis yang lebih serius. Jangan menghentikan antibiotik sebelum habis meski sudah merasa sembuh."
"217","Gastroenteritis (Muntaber / Flu Perut)","Gejala","Apa saja gejala gastroenteritis atau muntaber?","Gejala gastroenteritis meliputi mual dan muntah, diare (bisa disertai darah atau lendir pada kasus bakteri), kram dan nyeri perut, demam ringan, lemas, dan kehilangan nafsu makan. Risiko utama adalah dehidrasi, ditandai dengan mulut kering, mata cekung, urin berwarna gelap, dan pada bayi tidak ada air mata saat menangis. Gejala biasanya berlangsung 1–3 hari untuk virus, lebih lama untuk bakteri."
"218","Gastroenteritis (Muntaber / Flu Perut)","Gejala","Bagaimana tanda-tanda seseorang terkena flu perut?","Gejala gastroenteritis meliputi mual dan muntah, diare (bisa disertai darah atau lendir pada kasus bakteri), kram dan nyeri perut, demam ringan, lemas, dan kehilangan nafsu makan. Risiko utama adalah dehidrasi, ditandai dengan mulut kering, mata cekung, urin berwarna gelap, dan pada bayi tidak ada air mata saat menangis. Gejala biasanya berlangsung 1–3 hari untuk virus, lebih lama untuk bakteri."
"219","Gastroenteritis (Muntaber / Flu Perut)","Gejala","Ciri-ciri muntaber itu seperti apa ya?","Gejala gastroenteritis meliputi mual dan muntah, diare (bisa disertai darah atau lendir pada kasus bakteri), kram dan nyeri perut, demam ringan, lemas, dan kehilangan nafsu makan. Risiko utama adalah dehidrasi, ditandai dengan mulut kering, mata cekung, urin berwarna gelap, dan pada bayi tidak ada air mata saat menangis. Gejala biasanya berlangsung 1–3 hari untuk virus, lebih lama untuk bakteri."
"220","Gastroenteritis (Muntaber / Flu Perut)","Gejala","Apa yang dirasakan saat terkena gastroenteritis?","Gejala gastroenteritis meliputi mual dan muntah, diare (bisa disertai darah atau lendir pada kasus bakteri), kram dan nyeri perut, demam ringan, lemas, dan kehilangan nafsu makan. Risiko utama adalah dehidrasi, ditandai dengan mulut kering, mata cekung, urin berwarna gelap, dan pada bayi tidak ada air mata saat menangis. Gejala biasanya berlangsung 1–3 hari untuk virus, lebih lama untuk bakteri."
"221","Gastroenteritis (Muntaber / Flu Perut)","Pencegahan","Bagaimana cara mencegah gastroenteritis atau muntaber?","Pencegahan gastroenteritis meliputi mencuci tangan dengan sabun sebelum makan dan setelah dari toilet, mengonsumsi air matang atau air mineral kemasan yang terjamin, memastikan makanan dimasak hingga matang sempurna, menghindari makanan jajanan yang tidak terjamin kebersihannya, menyimpan makanan di suhu yang tepat, dan menjaga kebersihan dapur serta peralatan makan."
"222","Gastroenteritis (Muntaber / Flu Perut)","Pencegahan","Apa yang harus dilakukan agar tidak kena flu perut?","Pencegahan gastroenteritis meliputi mencuci tangan dengan sabun sebelum makan dan setelah dari toilet, mengonsumsi air matang atau air mineral kemasan yang terjamin, memastikan makanan dimasak hingga matang sempurna, menghindari makanan jajanan yang tidak terjamin kebersihannya, menyimpan makanan di suhu yang tepat, dan menjaga kebersihan dapur serta peralatan makan."
"223","Gastroenteritis (Muntaber / Flu Perut)","Pencegahan","Tips menjaga kebersihan makanan dan minuman untuk cegah muntaber?","Pencegahan gastroenteritis meliputi mencuci tangan dengan sabun sebelum makan dan setelah dari toilet, mengonsumsi air matang atau air mineral kemasan yang terjamin, memastikan makanan dimasak hingga matang sempurna, menghindari makanan jajanan yang tidak terjamin kebersihannya, menyimpan makanan di suhu yang tepat, dan menjaga kebersihan dapur serta peralatan makan."
"224","Gastroenteritis (Muntaber / Flu Perut)","Pencegahan","Cara menghindari penularan gastroenteritis itu gimana?","Pencegahan gastroenteritis meliputi mencuci tangan dengan sabun sebelum makan dan setelah dari toilet, mengonsumsi air matang atau air mineral kemasan yang terjamin, memastikan makanan dimasak hingga matang sempurna, menghindari makanan jajanan yang tidak terjamin kebersihannya, menyimpan makanan di suhu yang tepat, dan menjaga kebersihan dapur serta peralatan makan."
"225","Gastroenteritis (Muntaber / Flu Perut)","Pengobatan","Bagaimana cara mengobati gastroenteritis atau muntaber?","Pengobatan gastroenteritis utamanya berfokus pada pencegahan dan penanganan dehidrasi dengan oralit atau cairan rehidrasi oral. Makan makanan ringan yang mudah dicerna seperti nasi tim, pisang, dan roti tawar. Antibiotik hanya diberikan jika disebabkan bakteri tertentu atas rekomendasi dokter. Segera ke IGD jika ada tanda dehidrasi berat, diare berdarah, demam tinggi, atau gejala memburuk setelah 3 hari."
"226","Gastroenteritis (Muntaber / Flu Perut)","Pengobatan","Penanganan muntaber yang tepat itu seperti apa?","Pengobatan gastroenteritis utamanya berfokus pada pencegahan dan penanganan dehidrasi dengan oralit atau cairan rehidrasi oral. Makan makanan ringan yang mudah dicerna seperti nasi tim, pisang, dan roti tawar. Antibiotik hanya diberikan jika disebabkan bakteri tertentu atas rekomendasi dokter. Segera ke IGD jika ada tanda dehidrasi berat, diare berdarah, demam tinggi, atau gejala memburuk setelah 3 hari."
"227","Gastroenteritis (Muntaber / Flu Perut)","Pengobatan","Apa yang harus diberikan kepada anak yang kena muntaber?","Pengobatan gastroenteritis utamanya berfokus pada pencegahan dan penanganan dehidrasi dengan oralit atau cairan rehidrasi oral. Makan makanan ringan yang mudah dicerna seperti nasi tim, pisang, dan roti tawar. Antibiotik hanya diberikan jika disebabkan bakteri tertentu atas rekomendasi dokter. Segera ke IGD jika ada tanda dehidrasi berat, diare berdarah, demam tinggi, atau gejala memburuk setelah 3 hari."
"228","Gastroenteritis (Muntaber / Flu Perut)","Pengobatan","Kapan penderita muntaber harus dibawa ke rumah sakit?","Pengobatan gastroenteritis utamanya berfokus pada pencegahan dan penanganan dehidrasi dengan oralit atau cairan rehidrasi oral. Makan makanan ringan yang mudah dicerna seperti nasi tim, pisang, dan roti tawar. Antibiotik hanya diberikan jika disebabkan bakteri tertentu atas rekomendasi dokter. Segera ke IGD jika ada tanda dehidrasi berat, diare berdarah, demam tinggi, atau gejala memburuk setelah 3 hari."
"229","Tifus (Tipus)","Gejala","Apa saja gejala penyakit tifus atau tipes?","Gejala tifus (demam tifoid) meliputi demam yang meningkat bertahap selama seminggu pertama dan mencapai puncaknya (39–40°C) pada minggu kedua, sakit kepala, nyeri perut, sembelit (lebih sering pada orang dewasa) atau diare (lebih sering pada anak), lidah kotor berwarna putih di bagian tengah, lemas, dan hilang nafsu makan. Pada kasus berat dapat terjadi komplikasi serius seperti perforasi usus."
"230","Tifus (Tipus)","Gejala","Bagaimana tanda-tanda seseorang terkena tifus?","Gejala tifus (demam tifoid) meliputi demam yang meningkat bertahap selama seminggu pertama dan mencapai puncaknya (39–40°C) pada minggu kedua, sakit kepala, nyeri perut, sembelit (lebih sering pada orang dewasa) atau diare (lebih sering pada anak), lidah kotor berwarna putih di bagian tengah, lemas, dan hilang nafsu makan. Pada kasus berat dapat terjadi komplikasi serius seperti perforasi usus."
"231","Tifus (Tipus)","Gejala","Ciri-ciri tifus itu seperti apa ya?","Gejala tifus (demam tifoid) meliputi demam yang meningkat bertahap selama seminggu pertama dan mencapai puncaknya (39–40°C) pada minggu kedua, sakit kepala, nyeri perut, sembelit (lebih sering pada orang dewasa) atau diare (lebih sering pada anak), lidah kotor berwarna putih di bagian tengah, lemas, dan hilang nafsu makan. Pada kasus berat dapat terjadi komplikasi serius seperti perforasi usus."
"232","Tifus (Tipus)","Gejala","Apa yang membedakan demam tifoid dengan demam biasa?","Gejala tifus (demam tifoid) meliputi demam yang meningkat bertahap selama seminggu pertama dan mencapai puncaknya (39–40°C) pada minggu kedua, sakit kepala, nyeri perut, sembelit (lebih sering pada orang dewasa) atau diare (lebih sering pada anak), lidah kotor berwarna putih di bagian tengah, lemas, dan hilang nafsu makan. Pada kasus berat dapat terjadi komplikasi serius seperti perforasi usus."
"233","Tifus (Tipus)","Pencegahan","Bagaimana cara mencegah penyakit tifus?","Pencegahan tifus meliputi mencuci tangan dengan sabun sebelum makan dan setelah dari toilet, mengonsumsi air yang sudah dimasak atau air mineral kemasan, menghindari makanan mentah atau setengah matang, memastikan kebersihan makanan dan tempat makan, vaksinasi tifoid (tersedia dalam bentuk suntikan dan kapsul) terutama bagi yang tinggal atau bepergian ke daerah endemis."
"234","Tifus (Tipus)","Pencegahan","Apa yang bisa dilakukan agar tidak kena tipes?","Pencegahan tifus meliputi mencuci tangan dengan sabun sebelum makan dan setelah dari toilet, mengonsumsi air yang sudah dimasak atau air mineral kemasan, menghindari makanan mentah atau setengah matang, memastikan kebersihan makanan dan tempat makan, vaksinasi tifoid (tersedia dalam bentuk suntikan dan kapsul) terutama bagi yang tinggal atau bepergian ke daerah endemis."
"235","Tifus (Tipus)","Pencegahan","Tips menjaga kebersihan untuk mencegah tifus itu gimana?","Pencegahan tifus meliputi mencuci tangan dengan sabun sebelum makan dan setelah dari toilet, mengonsumsi air yang sudah dimasak atau air mineral kemasan, menghindari makanan mentah atau setengah matang, memastikan kebersihan makanan dan tempat makan, vaksinasi tifoid (tersedia dalam bentuk suntikan dan kapsul) terutama bagi yang tinggal atau bepergian ke daerah endemis."
"236","Tifus (Tipus)","Pencegahan","Apakah ada vaksin untuk tifus?","Pencegahan tifus meliputi mencuci tangan dengan sabun sebelum makan dan setelah dari toilet, mengonsumsi air yang sudah dimasak atau air mineral kemasan, menghindari makanan mentah atau setengah matang, memastikan kebersihan makanan dan tempat makan, vaksinasi tifoid (tersedia dalam bentuk suntikan dan kapsul) terutama bagi yang tinggal atau bepergian ke daerah endemis."
"237","Tifus (Tipus)","Pengobatan","Bagaimana cara mengobati tifus?","Pengobatan tifus menggunakan antibiotik pilihan seperti kloramfenikol, ampisilin, trimetoprim-sulfametoksazol, atau fluorokuinolon (siprofloksasin) selama 7–14 hari sesuai resep dokter. Istirahat total sangat penting untuk mencegah komplikasi. Konsumsi makanan lunak yang mudah dicerna, perbanyak cairan, dan pantau suhu tubuh secara rutin. Pengobatan harus tuntas meskipun gejala sudah mereda."
"238","Tifus (Tipus)","Pengobatan","Obat apa yang digunakan untuk mengatasi tipes?","Pengobatan tifus menggunakan antibiotik pilihan seperti kloramfenikol, ampisilin, trimetoprim-sulfametoksazol, atau fluorokuinolon (siprofloksasin) selama 7–14 hari sesuai resep dokter. Istirahat total sangat penting untuk mencegah komplikasi. Konsumsi makanan lunak yang mudah dicerna, perbanyak cairan, dan pantau suhu tubuh secara rutin. Pengobatan harus tuntas meskipun gejala sudah mereda."
"239","Tifus (Tipus)","Pengobatan","Penanganan tifus yang tepat itu seperti apa?","Pengobatan tifus menggunakan antibiotik pilihan seperti kloramfenikol, ampisilin, trimetoprim-sulfametoksazol, atau fluorokuinolon (siprofloksasin) selama 7–14 hari sesuai resep dokter. Istirahat total sangat penting untuk mencegah komplikasi. Konsumsi makanan lunak yang mudah dicerna, perbanyak cairan, dan pantau suhu tubuh secara rutin. Pengobatan harus tuntas meskipun gejala sudah mereda."
"240","Tifus (Tipus)","Pengobatan","Berapa lama pengobatan tifus berlangsung?","Pengobatan tifus menggunakan antibiotik pilihan seperti kloramfenikol, ampisilin, trimetoprim-sulfametoksazol, atau fluorokuinolon (siprofloksasin) selama 7–14 hari sesuai resep dokter. Istirahat total sangat penting untuk mencegah komplikasi. Konsumsi makanan lunak yang mudah dicerna, perbanyak cairan, dan pantau suhu tubuh secara rutin. Pengobatan harus tuntas meskipun gejala sudah mereda."
